root	run_index	gauge_sign	restart	raw_max	slope_rank	A_max	B_max	A_strength	B_strength	surface_strength	delta_max	delta_vs_x6	jvar_max	jvar_rel	A_degree	B_degree	delta_degree	cusp_like	nonisotrivial	nullity_1e-6	nullity_1e-8	nullity_1e-10	nullity_1e-12	jacobian_smax	jacobian_smin
root-000001	1	-1	0	6.9735883734267645e-15	3	0.011011701674810434	0.0007333251062814751	2.666786667304832	1.934605813745896	2.666786667304832	1.4185249263122283e-08	0.09872538613302895	6.703502753677712e-09	1.2944861563446908e-05	8	12	24	False	True	9	9	2	0	4.6007077373503495	3.242634672420021e-10
root-000029	29	1	12	8.138574449784164e-13	3	1.222142230776017e-08	8.56791149249616e-13	2.998543467957422	1.9991869174896892	2.998543467957422	3.301931730429793e-26	0.17977319995418195	1.2251120184545843e-23	1.5145244971115555e-05	8	12	24	False	True	11	10	2	0	6.172573732240989	4.629203086490129e-10
root-000032	32	1	15	3.2383790464463283e-13	3	3.6342832471189673e-16	6.797408446507774e-16	6644881.003047325	9.956575391971054e+17	9.956575391971054e+17	2.740299896737637e-29	5.879377335358057e+37	2.5879725573388737e-31	0.018568447370362125	8	12	24	False	True	32	11	0	0	4.669681395303986	6.699160064403949e-10
root-000020	20	1	3	1.1195644206587721e-13	3	1.6140588354612284e-16	2.6785508689215435e-16	111323851488.39305	3.705737547309412e+24	3.705737547309412e+24	5.9710264650928564e-30	1.14287442621358e+51	1.6393462569190915e-31	0.08660351919636011	8	12	23	False	True	65	2	0	0	4.284954314800214	5.96229209505331e-10
root-000010	10	-1	9	2.1642088245530424e-13	3	1.7333937796598022e-16	3.0781913864276437e-16	39975901002.915825	1.1101539404331942e+24	1.1101539404331942e+24	5.443409650605052e-30	7.080210850993026e+49	1.5567865464082678e-31	0.06866924025671267	8	11	18	False	True	65	2	2	0	4.003024370017434	3.2528507815042635e-10
root-000009	9	-1	8	1.0589880244663011e-13	3	1.9976393838222264e-16	1.844893324020894e-16	65847880702.50229	9.556171145634913e+23	9.556171145634913e+23	3.159000309172268e-30	8.475688518536232e+49	3.6762673527540518e-31	0.19028699974193478	8	12	24	False	True	65	2	0	0	3.9491573703778364	4.477955419753354e-10
root-000014	14	-1	13	2.9555522361700377e-13	3	2.973152212433161e-16	5.077920601209495e-16	8675900276.165262	5.904700917788796e+22	5.904700917788796e+22	2.204545471693585e-29	2.980870155845085e+47	5.401782008254345e-31	0.045515919530948926	8	12	24	False	True	65	2	0	0	4.964143684043859	5.2594653725754e-10
root-000002	2	-1	1	3.4601488341223785e-13	3	0.004183693203980813	0.00017678377046318692	2.999999999999391	2.0000000000001164	2.999999999999391	1.2819843656693836e-18	1.64080864464963e-10	2.151463686025923e-18	5.230677113189149e-14	8	12	24	False	False	21	9	9	0	4.565069747123929	1.4126174658536191e-11
root-000007	7	-1	6	7.79071251955088e-13	3	0.007444456963850763	0.0004177059540383914	2.9999999999991385	1.9999999999981504	2.9999999999991385	1.3193385186432982e-17	3.0246484303512477e-10	9.974659986866641e-18	3.885279923683538e-14	8	12	24	False	False	17	9	9	0	4.930218145399061	1.4395705024372651e-11
root-000005	5	-1	4	1.7269775887118755e-11	3	0.007380988907397486	0.0003198092655457521	3.0278621729129043	2.028424489219663	3.0278621729129043	1.4515735965994953e-16	5.8394866012246324e-09	2.0098397772450038e-16	1.6867525264791687e-12	8	12	24	False	False	12	10	10	0	5.309688471466279	2.058352364180224e-11
root-000028	28	1	11	2.570586452033119e-11	3	0.011118271675373038	0.0006018709348347906	3.0004065061606315	2.000480930899537	3.0004065061606315	7.018684407538583e-17	7.75385730713355e-10	8.921628626840095e-17	2.643174784994235e-13	8	12	24	False	False	12	10	10	0	5.060935628357175	2.591188802819359e-11
root-000016	16	-1	15	1.440381841577576e-11	3	0.003234987873346751	0.00011156591327362841	3.0000010046580066	2.000000871983781	3.0000010046580066	1.537894194858589e-18	4.942239390835465e-10	3.869246503057644e-18	1.3682502788872323e-13	8	12	24	False	False	12	10	9	0	8.770096397373301	1.1443104192344313e-11
root-000017	17	1	0	1.6320000906233645e-12	3	0.006163202547263055	0.00026341497264687126	3.000000133568782	2.0000001551325046	3.000000133568782	3.7996203947933405e-17	2.190379444070652e-09	5.592111517772891e-17	6.138796262932181e-13	8	12	24	False	False	12	10	10	0	5.800314812548208	1.7383004721673507e-11
root-000027	27	1	10	2.1646889142301617e-11	3	0.0029272779126447617	8.643378918425645e-05	2.9999999973941485	1.9999999985052705	2.9999999973941485	4.216556481211509e-17	2.257619812686236e-08	1.0642259592156958e-16	8.394765454730839e-12	8	12	24	False	False	12	10	10	0	6.480259713816127	2.1003230099404393e-11
root-000026	26	1	9	4.631520861275717e-13	3	6.742986967110949e-06	9.404878129744829e-09	2.9999998655522297	1.9999998373782601	2.9999998655522297	7.282594666336211e-23	3.2933638562179258e-06	2.4198656881065772e-21	7.069522548133126e-10	8	12	24	False	False	11	10	6	0	3.5172842273723663	1.4817888129345002e-10
root-000024	24	1	7	2.746956134780376e-11	3	0.009308633954730897	0.00044534205510959456	2.9999408713429836	1.9999334662102217	2.9999408713429836	1.1355738737035305e-15	2.2901243784321793e-08	2.4399800485196826e-15	1.2111606863032047e-11	8	12	24	False	False	12	10	10	0	5.868314235295459	2.730473998658594e-11
root-000004	4	-1	3	3.9188877837270653e-13	3	0.005095359390535726	0.00015715188604699685	3.000000000004014	2.000000000003429	3.000000000004014	1.8615666598281386e-18	3.015083808702896e-10	2.2802126940085765e-18	3.761885672239431e-14	8	12	24	False	False	17	11	11	0	5.7161847468855065	1.6021476211763926e-11
root-000015	15	-1	14	2.4980018054066022e-14	3	0.015173156295942881	0.0011150871801651361	2.9999999999999796	1.9999999999999623	2.9999999999999796	2.5478751053409354e-18	8.19634972931197e-12	1.3010426069826053e-18	1.1030846942839523e-15	8	12	24	False	False	12	12	12	0	5.49317520807253	2.4862745323450364e-11
root-000031	31	1	14	5.073805958710764e-13	3	0.0023969581428943086	4.524351296922813e-05	2.9999999972639553	1.999999996933682	2.9999999972639553	1.869031137675817e-19	3.6522785215060076e-10	1.0394020705096325e-19	3.967311123985677e-14	8	11	20	False	False	14	12	10	0	6.911119516640061	1.064709757078594e-11
root-000021	21	1	4	9.992562333138721e-13	3	0.0674486973577674	0.011107825457582536	2.925786810534856	1.9256069509181766	2.925786810534856	1.2238474123016374e-15	3.677938560289855e-11	9.194034422677078e-16	1.4760999289594677e-14	8	12	24	False	False	16	12	10	0	4.6583818087010735	2.121339485513529e-10
root-000008	8	-1	7	2.4406171528212894e-13	3	0.032044467201198606	0.0034832792590004957	3.000000017646142	2.000000019019304	3.000000017646142	2.443791696782327e-16	8.056521990641933e-11	2.5760643618255585e-16	3.325486190127896e-14	8	12	24	False	False	17	13	11	0	4.661289539886125	3.851767703437692e-11
root-000025	25	1	8	2.0886070650760757e-15	3	0.012382150239093483	0.0005316680848188823	2.9999999999999454	2.000000000000255	2.9999999999999454	2.289530056428374e-18	3.239851901114746e-11	3.1146989657316725e-18	1.951645784842369e-14	7	10	20	False	False	13	13	11	0	6.023440533598666	1.4187116373393058e-10
root-000012	12	-1	11	1.0590747029359804e-13	3	0.00851440482493333	0.0003952668230416295	2.99999995252214	2.0000000591531797	2.99999995252214	1.2141696175104487e-18	3.108555688745276e-11	1.5585406229479126e-18	7.140112793758831e-15	8	12	24	False	False	19	13	10	0	6.650909420172444	1.7051004007531576e-11
root-000019	19	1	2	1.942890293094024e-16	3	0.00465543762528259	0.00016825798431892923	3.000000000000022	2.000000000000034	3.000000000000022	2.117582368135751e-22	2.991912854956518e-14	3.3881317890172014e-21	8.098226584980793e-17	8	12	23	True	False	11	11	11	0	6.23103957488969	1.3657978516843191e-11
root-000022	22	1	5	4.440892098500626e-16	3	0.004218674876775585	0.00014110694788786626	3.0000000000000013	2.0000000000000027	3.0000000000000013	6.352747104407253e-22	1.2762176944088814e-13	3.3881317890172014e-21	1.1219831076202022e-16	8	12	23	True	False	11	11	11	0	6.242945963393107	1.3069793038888118e-11
root-000003	3	-1	2	1.2073675392798577e-15	3	0.0021841313079159885	4.721458778348422e-05	3.0000000000000013	1.9999999999999993	3.0000000000000013	3.970466940254533e-23	7.124414369169827e-14	8.470329472543003e-22	1.5720998378951426e-16	8	12	24	True	False	11	11	11	0	6.900322654696638	1.2039500591834439e-11
root-000023	23	1	6	1.887379141862766e-15	3	0.004004707043467203	0.00014405852689942575	2.9999999999999942	1.9999999999999944	2.9999999999999942	1.6940658945086007e-21	3.2652192749593435e-13	3.3881317890172014e-21	9.684085265194451e-17	8	12	24	True	False	11	11	11	0	6.926803173725563	1.3414107094120035e-11
root-000011	11	-1	10	8.187894806610529e-16	3	0.012346583339285785	0.0008394400336824039	2.9999999999988862	1.999999999999363	2.9999999999988862	2.0328790734103208e-20	1.1539637916107466e-13	5.421010862427522e-20	6.172253690397137e-17	8	12	24	True	False	11	11	11	0	5.498430680112177	2.0972678859907355e-11
root-000006	6	-1	5	2.7755575615628914e-16	3	0.0017322743933971955	3.9457665564593996e-05	3.0000000000000027	2.0000000000000018	3.0000000000000027	5.293955920339377e-23	1.3601209721793174e-13	4.235164736271502e-22	1.0532209280126864e-16	8	12	24	True	False	12	12	12	0	5.019819376348986	7.540022365909013e-12
root-000013	13	-1	12	5.134781488891349e-16	3	0.006349448982596399	0.0003188556597650019	3.0000000000000795	2.0000000000000804	3.0000000000000795	3.3881317890172014e-21	1.3330057590755012e-13	2.710505431213761e-20	1.8190817914707798e-16	8	12	24	True	False	13	13	13	0	6.017073122082972	1.12917597094851e-11
root-000018	18	1	1	2.0872192862952943e-14	3	0.1510419034272164	0.030753024335845695	2.999999999999999	2.000000000000033	2.999999999999999	2.0816681711721685e-17	8.804320211572157e-14	1.3877787807814457e-17	5.847043942589596e-17	8	12	24	True	False	13	13	13	0	5.36871221051294	1.3271973954142946e-10
root-000030	30	1	13	6.661338147750939e-16	3	0.017289460027528125	0.001281545634130688	2.24461258311404	1.3696134563622808	2.24461258311404	1.3552527156068805e-19	1.547918760442448e-13	1.0842021724855044e-19	7.867261106288613e-17	8	12	24	True	False	13	13	13	0	6.272005815008567	2.9295138181089116e-11
