rank	candidate_id	old_candidate_id	ade	root_rank	mw_rank	root_count	root_det	d_f	d_o	mw_height	short_norm	section_p_o	fiber_twist	vertical_integral	support_fibres	support_components	vertical_l1	vertical_max	reflection_count	nearest_section_lifts	section_root_shift	section_nonzero_pairings	root_coefficients	v
1	7774		A4+A2+A1	7	10	28	30	2	1	219/28	10	3	0	1	1	2	2	1	16	84	0,1,1,0,0,0,0,0,0	O:3;R1:1;R7:1	0,-1,-1,0,0,0,0,0,0	85,2699,1257,7718,3756,-41,3077,-4614,-6615,6032,2584,-1678,121,-736,-913,1,1165
2	9190		A5+A2	7	10	36	18	2	1	235/28	10	3	0	1	1	2	2	1	12	28	0,1,1,0,0,0,0,0,0	O:3;R1:1;R5:1	0,-1,-1,0,0,0,0,0,0	-10,-201,-99,-543,-265,4,-218,327,463,-424,-177,118,-3,52,59,-1,-80
3	9234		A5+A2	7	10	36	18	2	1	235/28	10	3	0	1	1	2	2	1	12	28	0,1,1,0,0,0,0,0,0	O:3;R1:1;R4:1	0,-1,-1,0,0,0,0,0,0	67,2085,972,5948,2894,-31,2372,-3558,-5099,4651,1989,-1294,94,-568,-704,1,898
4	8734		A3+A2+A1+A1	7	10	22	48	2	1	58/7	10	3	0	1	1	3	3	1	18	35	1,1,1,0,0,0,0,0,0	O:3;R9:1;Theta0_1:1	-1,-1,-1,0,0,0,0,0,0	-26,-731,-344,-2056,-1001,12,-821,1232,1762,-1609,-682,448,-29,196,240,-1,-309
5	9485		A4+A1+A1+A1	7	10	26	40	2	1	60/7	10	3	0	1	1	3	3	1	16	21	1,1,1,0,0,0,0,0,0	O:3;R7:1;Theta0_1:1	-1,-1,-1,0,0,0,0,0,0	9,406,186,1194,582,-7,474,-711,-1023,932,404,-260,21,-113,-144,-1,181
6	10251		A5+A1+A1	7	10	34	24	2	1	64/7	10	3	0	1	1	3	3	1	12	7	1,1,1,0,0,0,0,0,0	O:3;R5:1;Theta0_1:1	-1,-1,-1,0,0,0,0,0,0	49,1492,698,4257,2072,-22,1698,-2546,-3647,3326,1425,-925,64,-407,-501,1,642
7	10253		A5+A1+A1	7	10	34	24	2	1	64/7	10	3	0	1	1	3	3	1	12	7	1,1,1,0,0,0,0,0,0	O:3;R5:1;Theta0_1:1	-1,-1,-1,0,0,0,0,0,0	-46,-1387,-647,-3942,-1918,22,-1572,2358,3378,-3082,-1315,858,-60,375,465,-1,-594
8	10379		A5+A1+A1	7	10	34	24	2	1	64/7	10	3	0	1	1	3	3	1	12	7	1,1,1,0,0,0,0,0,0	O:3;R5:1;Theta0_1:1	-1,-1,-1,0,0,0,0,0,0	65,2040,951,5827,2835,-30,2324,-3485,-4996,4555,1951,-1266,92,-557,-689,1,880
9	10387		A5+A1+A1	7	10	34	24	2	1	64/7	10	3	0	1	1	3	3	1	12	7	1,1,1,0,0,0,0,0,0	O:3;R5:1;Theta0_1:1	-1,-1,-1,0,0,0,0,0,0	74,2322,1082,6626,3225,-35,2642,-3963,-5680,5181,2215,-1442,104,-632,-784,1,1000
10	10397		A5+A1+A1	7	10	34	24	2	1	64/7	10	3	0	1	1	3	3	1	12	7	1,1,1,0,0,0,0,0,0	O:3;R4:1;Theta0_1:1	-1,-1,-1,0,0,0,0,0,0	-13,-307,-146,-852,-415,5,-341,510,728,-665,-281,185,-9,81,97,-1,-127
11	7772		A3+A2+A2	7	10	24	36	2	1	219/28	10	3	0	1	1	4	4	1	19	84	0,0,0,1,0,1,0,1,1	O:3;R1:1;R7:1	0,0,0,-1,0,-1,0,-1,-1	73,2308,1074,6602,3212,-34,2632,-3947,-5659,5160,2211,-1435,105,-630,-782,1,997
12	9189		A3+A2+A2	7	10	24	36	2	1	235/28	10	3	0	1	1	5	5	1	18	28	0,0,0,1,0,1,1,1,1	O:3;R1:1;R5:1	0,0,0,-1,0,-1,-1,-1,-1	-16,-395,-189,-1098,-535,7,-439,659,939,-858,-363,239,-12,105,125,-1,-164
13	9233		A3+A2+A2	7	10	24	36	2	1	235/28	10	3	0	1	1	5	5	1	18	28	0,0,0,0,1,1,1,1,1	O:3;R1:1;R4:1	0,0,0,0,-1,-1,-1,-1,-1	61,1905,887,5441,2647,-27,2170,-3254,-4665,4254,1821,-1183,87,-520,-645,1,822
14	9933		A4+A1+A1+A1	7	10	26	40	2	1	9	10	3	0	1	1	6	6	1	16	6	0,0,0,1,1,1,1,1,1	O:3;R3:1;Theta0_2:1	0,0,0,-1,-1,-1,-1,-1,-1	73,2290,1066,6545,3185,-34,2609,-3913,-5609,5116,2190,-1424,103,-624,-775,1,988
15	9939		A4+A1+A1+A1	7	10	26	40	2	1	9	10	3	0	1	1	6	6	1	16	6	0,0,0,1,1,1,1,1,1	O:3;R3:1;Theta0_2:1	0,0,0,-1,-1,-1,-1,-1,-1	-22,-589,-279,-1654,-805,10,-661,991,1416,-1292,-550,359,-21,158,191,-1,-248
16	10023		A4+A1+A1+A1	7	10	26	40	2	1	9	10	3	0	1	1	6	6	1	16	6	0,0,0,1,1,1,1,1,1	O:3;R3:1;Theta0_2:1	0,0,0,-1,-1,-1,-1,-1,-1	89,2838,1319,8115,3948,-42,3235,-4852,-6958,6345,2716,-1765,131,-774,-963,1,1226
17	10610		A4+A2+A1	7	10	28	30	2	1	37/4	10	3	0	1	1	6	6	1	15	4	0,0,0,1,1,1,1,1,1	O:3;R1:1;Theta0_2:1	0,0,0,-1,-1,-1,-1,-1,-1	-12,-285,-136,-778,-379,5,-312,468,667,-610,-254,170,-9,74,89,-1,-116
18	10614		A4+A2+A1	7	10	28	30	2	1	37/4	10	3	0	1	1	6	6	1	15	4	0,0,0,1,1,1,1,1,1	O:3;R2:1;Theta0_2:1	0,0,0,-1,-1,-1,-1,-1,-1	-9,-160,-80,-424,-207,3,-171,256,361,-331,-137,92,-1,41,45,-1,-62
19	10616		A4+A2+A1	7	10	28	30	2	1	37/4	10	3	0	1	1	6	6	1	15	4	0,0,0,1,1,1,1,1,1	O:3;R1:1;Theta0_2:1	0,0,0,-1,-1,-1,-1,-1,-1	-7,-102,-52,-255,-124,2,-104,155,218,-200,-80,55,0,25,26,-1,-37
20	10636		A4+A2+A1	7	10	28	30	2	1	37/4	10	3	0	1	1	6	6	1	15	4	0,0,0,1,1,1,1,1,1	O:3;R1:1;Theta0_2:1	0,0,0,-1,-1,-1,-1,-1,-1	53,1652,771,4716,2295,-24,1881,-2821,-4043,3687,1578,-1025,74,-451,-557,1,712
21	10930		A3+A2+A1+A1	7	10	22	48	2	1	65/7	12	4	-1	1	0	0	0	0	17	210	0,0,0,0,0,0,0,0,0	O:4;R3:1;R9:1	0,0,0,0,0,0,0,0,0	-44,-1302,-611,-3696,-1800,21,-1474,2212,3165,-2889,-1232,805,-53,352,433,-1,-556
22	10945		A3+A2+A1+A1	7	10	22	48	2	1	65/7	12	4	-1	1	0	0	0	0	17	210	0,0,0,0,0,0,0,0,0	O:4;R3:1;R9:1	0,0,0,0,0,0,0,0,0	-29,-814,-381,-2295,-1117,13,-916,1374,1966,-1795,-762,500,-33,218,269,-1,-345
23	10976		A3+A2+A1+A1	7	10	22	48	2	1	65/7	12	4	-1	1	0	0	0	0	17	210	0,0,0,0,0,0,0,0,0	O:4;R3:1;R9:1	0,0,0,0,0,0,0,0,0	-6,-74,-39,-176,-86,2,-72,108,150,-138,-54,38,2,17,16,-1,-25
24	10985		A3+A2+A1+A1	7	10	22	48	2	1	65/7	12	4	-1	1	0	0	0	0	17	210	0,0,0,0,0,0,0,0,0	O:4;R3:1;R8:1	0,0,0,0,0,0,0,0,0	56,1735,808,4952,2409,-25,1975,-2962,-4246,3872,1657,-1077,79,-473,-587,1,748
25	10988		A3+A2+A1+A1	7	10	22	48	2	1	65/7	12	4	-1	1	0	0	0	0	17	210	0,0,0,0,0,0,0,0,0	O:4;R3:1;R8:1	0,0,0,0,0,0,0,0,0	-39,-1144,-537,-3247,-1581,19,-1295,1942,2779,-2536,-1083,706,-45,309,379,-1,-488
26	10994	448	A3+A2+A1+A1	7	10	22	48	2	1	65/7	12	4	-1	1	0	0	0	0	17	210	0,0,0,0,0,0,0,0,0	O:4;R3:1;R9:1	0,0,0,0,0,0,0,0,0	91,2895,1348,8273,4026,-44,3298,-4947,-7092,6468,2768,-1800,131,-789,-980,1,1249
27	11046		A3+A2+A2	7	10	24	36	2	1	267/28	12	4	-1	1	0	0	0	0	16	140	0,0,0,0,0,0,0,0,0	O:4;R2:1;R8:1	0,0,0,0,0,0,0,0,0	96,3035,1413,8683,4225,-46,3461,-5191,-7442,6786,2908,-1888,137,-828,-1028,1,1311
28	11051		A3+A2+A2	7	10	24	36	2	1	267/28	12	4	-1	1	0	0	0	0	16	140	0,0,0,0,0,0,0,0,0	O:4;R2:1;R8:1	0,0,0,0,0,0,0,0,0	1,156,68,484,235,-2,191,-287,-417,378,168,-105,13,-46,-62,-1,75
29	11070		A3+A2+A2	7	10	24	36	2	1	267/28	12	4	-1	1	0	0	0	0	16	140	0,0,0,0,0,0,0,0,0	O:4;R2:1;R9:1	0,0,0,0,0,0,0,0,0	47,1462,683,4179,2033,-21,1667,-2499,-3582,3265,1401,-907,65,-400,-493,1,631
30	11073		A3+A2+A2	7	10	24	36	2	1	267/28	12	4	-1	1	0	0	0	0	16	140	0,0,0,0,0,0,0,0,0	O:4;R2:1;R9:1	0,0,0,0,0,0,0,0,0	51,1561,730,4455,2168,-23,1777,-2664,-3817,3481,1491,-968,68,-426,-525,1,672
31	11074		A3+A2+A2	7	10	24	36	2	1	267/28	12	4	-1	1	0	0	0	0	16	140	0,0,0,0,0,0,0,0,0	O:4;R1:1;R9:1	0,0,0,0,0,0,0,0,0	40,1221,570,3473,1690,-18,1386,-2078,-2978,2716,1160,-755,54,-332,-410,1,524
32	11075		A3+A2+A2	7	10	24	36	2	1	267/28	12	4	-1	1	0	0	0	0	16	140	0,0,0,0,0,0,0,0,0	O:4;R2:1;R9:1	0,0,0,0,0,0,0,0,0	56,1744,814,4978,2423,-26,1985,-2977,-4266,3891,1665,-1083,77,-475,-588,1,751
33	11149		A3+A2+A2	7	10	24	36	2	1	267/28	12	4	-1	1	0	0	0	0	16	140	0,0,0,0,0,0,0,0,0	O:4;R1:1;R9:1	0,0,0,0,0,0,0,0,0	54,1679,781,4793,2331,-24,1912,-2866,-4110,3747,1604,-1041,77,-458,-568,1,724
34	11150		A3+A2+A2	7	10	24	36	2	1	267/28	12	4	-1	1	0	0	0	0	16	140	0,0,0,0,0,0,0,0,0	O:4;R2:1;R9:1	0,0,0,0,0,0,0,0,0	70,2202,1025,6298,3064,-32,2511,-3765,-5398,4922,2109,-1369,100,-601,-746,1,951
35	11168		A3+A2+A2	7	10	24	36	2	1	267/28	12	4	-1	1	0	0	0	0	16	140	0,0,0,0,0,0,0,0,0	O:4;R2:1;R9:1	0,0,0,0,0,0,0,0,0	7,355,160,1054,512,-5,418,-627,-905,823,359,-229,22,-100,-130,-1,161
36	11184		A3+A2+A2	7	10	24	36	2	1	267/28	12	4	-1	1	0	0	0	0	16	140	0,0,0,0,0,0,0,0,0	O:4;R2:1;R8:1	0,0,0,0,0,0,0,0,0	41,1231,574,3503,1704,-17,1398,-2096,-3004,2740,1170,-762,56,-335,-415,1,529
37	11191		A3+A2+A2	7	10	24	36	2	1	267/28	12	4	-1	1	0	0	0	0	16	140	0,0,0,0,0,0,0,0,0	O:4;R1:1;R9:1	0,0,0,0,0,0,0,0,0	69,2167,1011,6194,3014,-32,2470,-3704,-5309,4841,2074,-1346,97,-592,-732,1,935
38	11192		A3+A2+A2	7	10	24	36	2	1	267/28	12	4	-1	1	0	0	0	0	16	140	0,0,0,0,0,0,0,0,0	O:4;R2:1;R9:1	0,0,0,0,0,0,0,0,0	72,2292,1067,6548,3186,-34,2611,-3916,-5615,5120,2191,-1424,105,-625,-776,1,989
39	11203		A3+A2+A2	7	10	24	36	2	1	267/28	12	4	-1	1	0	0	0	0	16	140	0,0,0,0,0,0,0,0,0	O:4;R1:1;R8:1	0,0,0,0,0,0,0,0,0	-20,-558,-263,-1572,-765,9,-628,941,1346,-1228,-523,341,-21,150,182,-1,-236
40	11358		A4+A1+A1+A1	7	10	26	40	2	1	67/7	12	4	-1	1	0	0	0	0	15	126	0,0,0,0,0,0,0,0,0	O:4;R3:1;R6:1	0,0,0,0,0,0,0,0,0	-16,-401,-191,-1112,-542,7,-445,667,952,-870,-366,242,-13,106,127,-1,-166
41	11370		A4+A1+A1+A1	7	10	26	40	2	1	67/7	12	4	-1	1	0	0	0	0	15	126	0,0,0,0,0,0,0,0,0	O:4;R3:1;R6:1	0,0,0,0,0,0,0,0,0	44,1353,632,3859,1877,-19,1540,-2309,-3309,3017,1292,-838,61,-370,-456,1,583
42	11373		A4+A1+A1+A1	7	10	26	40	2	1	67/7	12	4	-1	1	0	0	0	0	15	126	0,0,0,0,0,0,0,0,0	O:4;R3:1;R6:1	0,0,0,0,0,0,0,0,0	49,1536,716,4382,2132,-22,1748,-2622,-3758,3427,1466,-953,70,-419,-519,1,662
43	11374		A4+A1+A1+A1	7	10	26	40	2	1	67/7	12	4	-1	1	0	0	0	0	15	126	0,0,0,0,0,0,0,0,0	O:4;R3:1;R6:1	0,0,0,0,0,0,0,0,0	53,1635,763,4658,2267,-24,1858,-2787,-3993,3643,1556,-1014,73,-445,-551,1,703
44	11429		A4+A1+A1+A1	7	10	26	40	2	1	67/7	12	4	-1	1	0	0	0	0	15	126	0,0,0,0,0,0,0,0,0	O:4;R3:1;R6:1	0,0,0,0,0,0,0,0,0	67,2093,974,5978,2908,-30,2384,-3575,-5125,4674,2000,-1300,96,-571,-709,1,903
45	11443		A4+A1+A1+A1	7	10	26	40	2	1	67/7	12	4	-1	1	0	0	0	0	15	126	0,0,0,0,0,0,0,0,0	O:4;R3:1;R6:1	0,0,0,0,0,0,0,0,0	9,429,193,1257,611,-6,499,-750,-1081,985,424,-275,27,-119,-156,-1,192
46	11467		A4+A1+A1+A1	7	10	26	40	2	1	67/7	12	4	-1	1	0	0	0	0	15	126	0,0,0,0,0,0,0,0,0	O:4;R3:1;R7:1	0,0,0,0,0,0,0,0,0	42,1299,608,3698,1800,-19,1476,-2213,-3171,2892,1236,-804,57,-354,-436,1,558
47	11564		A4+A2+A1	7	10	28	30	2	1	275/28	12	4	-1	1	0	0	0	0	14	84	0,0,0,0,0,0,0,0,0	O:4;R1:1;R6:1	0,0,0,0,0,0,0,0,0	-29,-847,-397,-2392,-1164,14,-955,1432,2051,-1871,-796,520,-35,228,280,-1,-360
48	11566		A4+A2+A1	7	10	28	30	2	1	275/28	12	4	-1	1	0	0	0	0	14	84	0,0,0,0,0,0,0,0,0	O:4;R1:1;R7:1	0,0,0,0,0,0,0,0,0	73,2268,1058,6473,3151,-35,2581,-3870,-5546,5059,2164,-1408,99,-617,-764,1,976
49	11567		A4+A2+A1	7	10	28	30	2	1	275/28	12	4	-1	1	0	0	0	0	14	84	0,0,0,0,0,0,0,0,0	O:4;R1:1;R6:1	0,0,0,0,0,0,0,0,0	53,1634,760,4656,2265,-24,1857,-2785,-3992,3641,1556,-1013,74,-444,-552,1,703
50	11569		A4+A2+A1	7	10	28	30	2	1	275/28	12	4	-1	1	0	0	0	0	14	84	0,0,0,0,0,0,0,0,0	O:4;R1:1;R7:1	0,0,0,0,0,0,0,0,0	-26,-710,-334,-2002,-974,11,-799,1199,1714,-1565,-666,436,-28,191,234,-1,-301
51	11570		A4+A2+A1	7	10	28	30	2	1	275/28	12	4	-1	1	0	0	0	0	14	84	0,0,0,0,0,0,0,0,0	O:4;R1:1;R6:1	0,0,0,0,0,0,0,0,0	-42,-1245,-585,-3543,-1725,20,-1413,2119,3033,-2767,-1184,770,-50,338,414,-1,-533
52	11571		A4+A2+A1	7	10	28	30	2	1	275/28	12	4	-1	1	0	0	0	0	14	84	0,0,0,0,0,0,0,0,0	O:4;R2:1;R6:1	0,0,0,0,0,0,0,0,0	-26,-722,-341,-2038,-992,12,-814,1220,1745,-1592,-679,442,-27,195,236,-1,-306
53	11605		A4+A2+A1	7	10	28	30	2	1	275/28	12	4	-1	1	0	0	0	0	14	84	0,0,0,0,0,0,0,0,0	O:4;R2:1;R7:1	0,0,0,0,0,0,0,0,0	82,2599,1213,7429,3616,-40,2962,-4442,-6367,5806,2487,-1615,115,-709,-877,1,1121
54	11607		A4+A2+A1	7	10	28	30	2	1	275/28	12	4	-1	1	0	0	0	0	14	84	0,0,0,0,0,0,0,0,0	O:4;R2:1;R6:1	0,0,0,0,0,0,0,0,0	66,2064,962,5888,2865,-31,2348,-3522,-5048,4604,1969,-1281,93,-562,-697,1,889
55	11608		A4+A2+A1	7	10	28	30	2	1	275/28	12	4	-1	1	0	0	0	0	14	84	0,0,0,0,0,0,0,0,0	O:4;R1:1;R6:1	0,0,0,0,0,0,0,0,0	68,2122,990,6057,2948,-32,2415,-3623,-5191,4735,2026,-1318,94,-578,-716,1,914
56	11610		A4+A2+A1	7	10	28	30	2	1	275/28	12	4	-1	1	0	0	0	0	14	84	0,0,0,0,0,0,0,0,0	O:4;R1:1;R6:1	0,0,0,0,0,0,0,0,0	-27,-757,-355,-2142,-1042,12,-855,1281,1834,-1673,-714,465,-30,204,250,-1,-322
57	11689		A4+A2+A1	7	10	28	30	2	1	275/28	12	4	-1	1	0	0	0	0	14	84	0,0,0,0,0,0,0,0,0	O:4;R2:1;R6:1	0,0,0,0,0,0,0,0,0	80,2522,1173,7208,3506,-37,2874,-4310,-6180,5635,2413,-1567,116,-688,-855,1,1089
58	11690		A4+A2+A1	7	10	28	30	2	1	275/28	12	4	-1	1	0	0	0	0	14	84	0,0,0,0,0,0,0,0,0	O:4;R1:1;R6:1	0,0,0,0,0,0,0,0,0	82,2580,1201,7377,3589,-38,2941,-4411,-6323,5766,2470,-1604,117,-704,-874,1,1114
59	11692		A4+A2+A1	7	10	28	30	2	1	275/28	12	4	-1	1	0	0	0	0	14	84	0,0,0,0,0,0,0,0,0	O:4;R1:1;R6:1	0,0,0,0,0,0,0,0,0	-13,-299,-144,-822,-401,6,-329,493,702,-642,-270,179,-7,78,92,-1,-122
60	11693		A4+A2+A1	7	10	28	30	2	1	275/28	12	4	-1	1	0	0	0	0	14	84	0,0,0,0,0,0,0,0,0	O:4;R2:1;R7:1	0,0,0,0,0,0,0,0,0	105,3339,1555,9548,4647,-51,3806,-5708,-8183,7463,3195,-2077,150,-910,-1130,1,1441
61	11694		A4+A2+A1	7	10	28	30	2	1	275/28	12	4	-1	1	0	0	0	0	14	84	0,0,0,0,0,0,0,0,0	O:4;R2:1;R6:1	0,0,0,0,0,0,0,0,0	85,2705,1257,7731,3761,-40,3082,-4623,-6629,6045,2587,-1682,125,-737,-918,1,1168
62	11695		A4+A2+A1	7	10	28	30	2	1	275/28	12	4	-1	1	0	0	0	0	14	84	0,0,0,0,0,0,0,0,0	O:4;R2:1;R6:1	0,0,0,0,0,0,0,0,0	89,2804,1304,8007,3896,-42,3192,-4788,-6864,6261,2677,-1743,128,-763,-950,1,1209
63	11720		A4+A2+A1	7	10	28	30	2	1	275/28	12	4	-1	1	0	0	0	0	14	84	0,0,0,0,0,0,0,0,0	O:4;R2:1;R7:1	0,0,0,0,0,0,0,0,0	-42,-1241,-580,-3521,-1714,20,-1404,2107,3016,-2753,-1173,767,-52,335,414,-1,-530
64	11725		A4+A2+A1	7	10	28	30	2	1	275/28	12	4	-1	1	0	0	0	0	14	84	0,0,0,0,0,0,0,0,0	O:4;R2:1;R7:1	0,0,0,0,0,0,0,0,0	-33,-959,-449,-2722,-1324,15,-1086,1629,2332,-2127,-909,591,-40,260,319,-1,-410
65	11734		A4+A2+A1	7	10	28	30	2	1	275/28	12	4	-1	1	0	0	0	0	14	84	0,0,0,0,0,0,0,0,0	O:4;R1:1;R6:1	0,0,0,0,0,0,0,0,0	84,2670,1243,7627,3711,-40,3041,-4562,-6540,5964,2552,-1659,122,-728,-904,1,1152
66	11826		A4+A2+A1	7	10	28	30	2	1	275/28	12	4	-1	1	0	0	0	0	14	84	0,0,0,0,0,0,0,0,0	O:4;R2:1;R7:1	0,0,0,0,0,0,0,0,0	78,2468,1149,7047,3429,-37,2810,-4214,-6042,5510,2357,-1533,112,-672,-835,1,1064
67	12054		A5+A1+A1	7	10	34	24	2	1	71/7	12	4	-1	1	0	0	0	0	11	42	0,0,0,0,0,0,0,0,0	O:4;R3:1;R4:1	0,0,0,0,0,0,0,0,0	91,2872,1338,8208,3994,-44,3272,-4908,-7035,6416,2747,-1785,129,-783,-971,1,1239
68	12057		A5+A1+A1	7	10	34	24	2	1	71/7	12	4	-1	1	0	0	0	0	11	42	0,0,0,0,0,0,0,0,0	O:4;R3:1;R4:1	0,0,0,0,0,0,0,0,0	96,3055,1422,8731,4249,-47,3480,-5221,-7484,6826,2921,-1900,138,-832,-1034,1,1318
69	12069	13641	A5+A1+A1	7	10	34	24	2	1	71/7	12	4	-1	1	0	0	0	0	11	42	0,0,0,0,0,0,0,0,0	O:4;R3:1;R4:1	0,0,0,0,0,0,0,0,0	16,421,199,1182,575,-5,473,-709,-1013,925,393,-257,17,-114,-138,1,178
70	12073		A5+A1+A1	7	10	34	24	2	1	71/7	12	4	-1	1	0	0	0	0	11	42	0,0,0,0,0,0,0,0,0	O:4;R3:1;R5:1	0,0,0,0,0,0,0,0,0	31,921,431,2617,1273,-13,1045,-1566,-2244,2046,875,-568,40,-251,-308,1,395
71	12075		A5+A1+A1	7	10	34	24	2	1	71/7	12	4	-1	1	0	0	0	0	11	42	0,0,0,0,0,0,0,0,0	O:4;R3:1;R5:1	0,0,0,0,0,0,0,0,0	36,1104,515,3140,1528,-16,1253,-1879,-2693,2456,1049,-683,49,-300,-371,1,474
72	12080		A5+A1+A1	7	10	34	24	2	1	71/7	12	4	-1	1	0	0	0	0	11	42	0,0,0,0,0,0,0,0,0	O:4;R3:1;R4:1	0,0,0,0,0,0,0,0,0	-47,-1426,-666,-4062,-1977,22,-1620,2429,3480,-3174,-1357,883,-61,387,478,-1,-612
73	12136		A5+A1+A1	7	10	34	24	2	1	71/7	12	4	-1	1	0	0	0	0	11	42	0,0,0,0,0,0,0,0,0	O:4;R3:1;R5:1	0,0,0,0,0,0,0,0,0	50,1562,726,4460,2169,-22,1779,-2667,-3825,3487,1493,-969,72,-426,-529,1,674
74	12137		A5+A1+A1	7	10	34	24	2	1	71/7	12	4	-1	1	0	0	0	0	11	42	0,0,0,0,0,0,0,0,0	O:4;R3:1;R5:1	0,0,0,0,0,0,0,0,0	54,1661,773,4736,2304,-24,1889,-2832,-4060,3703,1583,-1030,75,-452,-561,1,715
75	12142		A5+A1+A1	7	10	34	24	2	1	71/7	12	4	-1	1	0	0	0	0	11	42	0,0,0,0,0,0,0,0,0	O:4;R3:1;R4:1	0,0,0,0,0,0,0,0,0	-33,-968,-455,-2742,-1336,16,-1094,1641,2348,-2143,-913,597,-38,261,320,-1,-412
76	12145		A5+A1+A1	7	10	34	24	2	1	71/7	12	4	-1	1	0	0	0	0	11	42	0,0,0,0,0,0,0,0,0	O:4;R3:1;R4:1	0,0,0,0,0,0,0,0,0	-28,-785,-371,-2219,-1081,13,-886,1328,1899,-1733,-739,482,-29,212,257,-1,-333
77	12146		A5+A1+A1	7	10	34	24	2	1	71/7	12	4	-1	1	0	0	0	0	11	42	0,0,0,0,0,0,0,0,0	O:4;R3:1;R4:1	0,0,0,0,0,0,0,0,0	-24,-686,-324,-1943,-946,11,-776,1163,1664,-1517,-649,421,-26,186,225,-1,-292
78	12160		A5+A1+A1	7	10	34	24	2	1	71/7	12	4	-1	1	0	0	0	0	11	42	0,0,0,0,0,0,0,0,0	O:4;R3:1;R4:1	0,0,0,0,0,0,0,0,0	32,969,452,2752,1338,-13,1099,-1648,-2362,2154,919,-598,45,-264,-326,1,416
79	12166		A5+A1+A1	7	10	34	24	2	1	71/7	12	4	-1	1	0	0	0	0	11	42	0,0,0,0,0,0,0,0,0	O:4;R3:1;R5:1	0,0,0,0,0,0,0,0,0	65,2050,956,5861,2852,-30,2337,-3505,-5024,4581,1963,-1274,92,-560,-693,1,885
80	12168		A5+A1+A1	7	10	34	24	2	1	71/7	12	4	-1	1	0	0	0	0	11	42	0,0,0,0,0,0,0,0,0	O:4;R3:1;R5:1	0,0,0,0,0,0,0,0,0	69,2149,1003,6137,2987,-32,2447,-3670,-5259,4797,2053,-1335,95,-586,-725,1,926
81	12523		A5+A2	7	10	36	18	2	1	291/28	12	4	-1	1	0	0	0	0	10	28	0,0,0,0,0,0,0,0,0	O:4;R2:1;R5:1	0,0,0,0,0,0,0,0,0	-48,-1436,-673,-4079,-1986,23,-1627,2441,3494,-3189,-1360,888,-60,389,479,-1,-614
82	12526		A5+A2	7	10	36	18	2	1	291/28	12	4	-1	1	0	0	0	0	10	28	0,0,0,0,0,0,0,0,0	O:4;R2:1;R5:1	0,0,0,0,0,0,0,0,0	-44,-1337,-626,-3803,-1851,21,-1517,2276,3259,-2973,-1270,827,-57,363,447,-1,-573
83	12527		A5+A2	7	10	36	18	2	1	291/28	12	4	-1	1	0	0	0	0	10	28	0,0,0,0,0,0,0,0,0	O:4;R1:1;R5:1	0,0,0,0,0,0,0,0,0	-42,-1279,-598,-3634,-1768,20,-1450,2175,3116,-2842,-1213,790,-56,347,428,-1,-548
84	12532		A5+A2	7	10	36	18	2	1	291/28	12	4	-1	1	0	0	0	0	10	28	0,0,0,0,0,0,0,0,0	O:4;R2:1;R4:1	0,0,0,0,0,0,0,0,0	81,2551,1188,7282,3544,-39,2903,-4355,-6242,5694,2434,-1585,115,-694,-862,1,1099
85	12544		A5+A2	7	10	36	18	2	1	291/28	12	4	-1	1	0	0	0	0	10	28	0,0,0,0,0,0,0,0,0	O:4;R1:1;R5:1	0,0,0,0,0,0,0,0,0	98,3109,1448,8886,4325,-48,3542,-5313,-7616,6946,2973,-1933,139,-847,-1051,1,1341
86	12561	13712	A5+A2	7	10	36	18	2	1	291/28	12	4	-1	1	0	0	0	0	10	28	0,0,0,0,0,0,0,0,0	O:4;R1:1;R5:1	0,0,0,0,0,0,0,0,0	14,376,178,1061,516,-4,425,-636,-910,829,355,-229,15,-103,-123,1,160
87	12564	13536	A5+A2	7	10	36	18	2	1	291/28	12	4	-1	1	0	0	0	0	10	28	0,0,0,0,0,0,0,0,0	O:4;R1:1;R5:1	0,0,0,0,0,0,0,0,0	18,475,225,1337,651,-6,535,-801,-1145,1045,445,-290,18,-129,-155,1,201
88	12573		A5+A2	7	10	36	18	2	1	291/28	12	4	-1	1	0	0	0	0	10	28	0,0,0,0,0,0,0,0,0	O:4;R1:1;R4:1	0,0,0,0,0,0,0,0,0	-69,-2154,-1003,-6141,-2989,34,-2448,3672,5263,-4801,-2051,1337,-95,584,726,-1,-926
89	12575		A5+A2	7	10	36	18	2	1	291/28	12	4	-1	1	0	0	0	0	10	28	0,0,0,0,0,0,0,0,0	O:4;R2:1;R4:1	0,0,0,0,0,0,0,0,0	29,850,398,2412,1173,-12,963,-1444,-2068,1886,806,-524,37,-231,-284,1,364
90	12577		A5+A2	7	10	36	18	2	1	291/28	12	4	-1	1	0	0	0	0	10	28	0,0,0,0,0,0,0,0,0	O:4;R2:1;R4:1	0,0,0,0,0,0,0,0,0	-66,-2029,-947,-5787,-2817,32,-2307,3460,4957,-4522,-1934,1259,-87,551,682,-1,-872
91	12578		A5+A2	7	10	36	18	2	1	291/28	12	4	-1	1	0	0	0	0	10	28	0,0,0,0,0,0,0,0,0	O:4;R1:1;R4:1	0,0,0,0,0,0,0,0,0	-64,-1971,-919,-5618,-2734,31,-2240,3359,4814,-4391,-1877,1222,-86,535,663,-1,-847
92	12580		A5+A2	7	10	36	18	2	1	291/28	12	4	-1	1	0	0	0	0	10	28	0,0,0,0,0,0,0,0,0	O:4;R1:1;R4:1	0,0,0,0,0,0,0,0,0	-60,-1872,-872,-5342,-2599,29,-2130,3194,4579,-4175,-1787,1161,-83,509,631,-1,-806
93	12584		A5+A2	7	10	36	18	2	1	291/28	12	4	-1	1	0	0	0	0	10	28	0,0,0,0,0,0,0,0,0	O:4;R1:1;R5:1	0,0,0,0,0,0,0,0,0	-49,-1471,-687,-4183,-2036,23,-1668,2502,3583,-3270,-1395,911,-63,398,493,-1,-630
94	12585		A5+A2	7	10	36	18	2	1	291/28	12	4	-1	1	0	0	0	0	10	28	0,0,0,0,0,0,0,0,0	O:4;R2:1;R5:1	0,0,0,0,0,0,0,0,0	-33,-948,-443,-2678,-1303,15,-1069,1603,2295,-2095,-890,583,-40,255,315,-1,-403
95	12587		A5+A2	7	10	36	18	2	1	291/28	12	4	-1	1	0	0	0	0	10	28	0,0,0,0,0,0,0,0,0	O:4;R2:1;R5:1	0,0,0,0,0,0,0,0,0	-29,-849,-396,-2402,-1168,13,-959,1438,2060,-1879,-800,522,-37,229,283,-1,-362
96	12589		A5+A2	7	10	36	18	2	1	291/28	12	4	-1	1	0	0	0	0	10	28	0,0,0,0,0,0,0,0,0	O:4;R1:1;R5:1	0,0,0,0,0,0,0,0,0	-40,-1189,-556,-3384,-1646,18,-1350,2024,2899,-2644,-1131,735,-51,323,398,-1,-510
97	12673		A5+A2	7	10	36	18	2	1	291/28	12	4	-1	1	0	0	0	0	10	28	0,0,0,0,0,0,0,0,0	O:4;R1:1;R4:1	0,0,0,0,0,0,0,0,0	-46,-1414,-661,-4022,-1958,23,-1604,2406,3447,-3144,-1343,875,-60,383,473,-1,-606
98	12675		A5+A2	7	10	36	18	2	1	291/28	12	4	-1	1	0	0	0	0	10	28	0,0,0,0,0,0,0,0,0	O:4;R2:1;R4:1	0,0,0,0,0,0,0,0,0	52,1590,740,4531,2204,-23,1807,-2710,-3884,3543,1514,-986,72,-432,-537,1,684
99	12677		A5+A2	7	10	36	18	2	1	291/28	12	4	-1	1	0	0	0	0	10	28	0,0,0,0,0,0,0,0,0	O:4;R2:1;R4:1	0,0,0,0,0,0,0,0,0	-43,-1289,-605,-3668,-1786,21,-1463,2194,3141,-2865,-1226,797,-52,350,429,-1,-552
100	12685		A5+A2	7	10	36	18	2	1	291/28	12	4	-1	1	0	0	0	0	10	28	0,0,0,0,0,0,0,0,0	O:4;R2:1;R5:1	0,0,0,0,0,0,0,0,0	-15,-391,-185,-1082,-527,7,-433,650,928,-848,-356,236,-14,103,125,-1,-162
101	12687		A5+A2	7	10	36	18	2	1	291/28	12	4	-1	1	0	0	0	0	10	28	0,0,0,0,0,0,0,0,0	O:4;R1:1;R5:1	0,0,0,0,0,0,0,0,0	69,2148,1000,6135,2985,-32,2446,-3668,-5258,4795,2053,-1334,96,-585,-726,1,926
102	12691		A5+A2	7	10	36	18	2	1	291/28	12	4	-1	1	0	0	0	0	10	28	0,0,0,0,0,0,0,0,0	O:4;R2:1;R5:1	0,0,0,0,0,0,0,0,0	-10,-208,-101,-559,-272,4,-225,337,479,-438,-182,121,-5,54,62,-1,-83
103	12719		A5+A2	7	10	36	18	2	1	291/28	12	4	-1	1	0	0	0	0	10	28	0,0,0,0,0,0,0,0,0	O:4;R2:1;R5:1	0,0,0,0,0,0,0,0,0	50,1546,722,4412,2147,-22,1760,-2639,-3782,3449,1476,-959,69,-422,-521,1,666
104	12725		A5+A2	7	10	36	18	2	1	291/28	12	4	-1	1	0	0	0	0	10	28	0,0,0,0,0,0,0,0,0	O:4;R1:1;R4:1	0,0,0,0,0,0,0,0,0	47,1456,679,4151,2019,-21,1656,-2484,-3560,3246,1389,-902,66,-397,-491,1,627
105	12726		A5+A2	7	10	36	18	2	1	291/28	12	4	-1	1	0	0	0	0	10	28	0,0,0,0,0,0,0,0,0	O:4;R2:1;R4:1	0,0,0,0,0,0,0,0,0	67,2078,970,5932,2887,-31,2365,-3548,-5083,4637,1984,-1291,92,-566,-701,1,895
106	12729		A5+A2	7	10	36	18	2	1	291/28	12	4	-1	1	0	0	0	0	10	28	0,0,0,0,0,0,0,0,0	O:4;R1:1;R4:1	0,0,0,0,0,0,0,0,0	-44,-1324,-619,-3772,-1836,21,-1504,2255,3230,-2946,-1261,820,-55,359,443,-1,-568
107	12730		A5+A2	7	10	36	18	2	1	291/28	12	4	-1	1	0	0	0	0	10	28	0,0,0,0,0,0,0,0,0	O:4;R2:1;R4:1	0,0,0,0,0,0,0,0,0	-28,-801,-375,-2267,-1103,13,-905,1356,1942,-1771,-756,492,-32,216,265,-1,-341
108	12731		A5+A2	7	10	36	18	2	1	291/28	12	4	-1	1	0	0	0	0	10	28	0,0,0,0,0,0,0,0,0	O:4;R2:1;R4:1	0,0,0,0,0,0,0,0,0	54,1680,782,4781,2326,-25,1907,-2861,-4101,3741,1596,-1041,77,-456,-567,1,722
109	12732		A5+A2	7	10	36	18	2	1	291/28	12	4	-1	1	0	0	0	0	10	28	0,0,0,0,0,0,0,0,0	O:4;R1:1;R4:1	0,0,0,0,0,0,0,0,0	56,1738,810,4950,2409,-26,1974,-2962,-4244,3872,1653,-1078,78,-472,-586,1,747
110	12741		A5+A2	7	10	36	18	2	1	291/28	12	4	-1	1	0	0	0	0	10	28	0,0,0,0,0,0,0,0,0	O:4;R2:1;R5:1	0,0,0,0,0,0,0,0,0	82,2578,1202,7367,3585,-39,2937,-4405,-6314,5758,2466,-1602,115,-703,-871,1,1112
111	12745		A5+A2	7	10	36	18	2	1	291/28	12	4	-1	1	0	0	0	0	10	28	0,0,0,0,0,0,0,0,0	O:4;R2:1;R5:1	0,0,0,0,0,0,0,0,0	-13,-301,-143,-832,-405,5,-333,499,711,-650,-274,181,-9,79,95,-1,-124
112	12746		A5+A2	7	10	36	18	2	1	291/28	12	4	-1	1	0	0	0	0	10	28	0,0,0,0,0,0,0,0,0	O:4;R1:1;R5:1	0,0,0,0,0,0,0,0,0	-11,-243,-115,-663,-322,4,-266,398,568,-519,-217,144,-8,63,76,-1,-99
113	12747		A5+A2	7	10	36	18	2	1	291/28	12	4	-1	1	0	0	0	0	10	28	0,0,0,0,0,0,0,0,0	O:4;R1:1;R5:1	0,0,0,0,0,0,0,0,0	71,2238,1042,6385,3107,-34,2546,-3819,-5475,4993,2135,-1389,101,-609,-756,1,964
114	12748		A5+A2	7	10	36	18	2	1	291/28	12	4	-1	1	0	0	0	0	10	28	0,0,0,0,0,0,0,0,0	O:4;R2:1;R5:1	0,0,0,0,0,0,0,0,0	87,2761,1286,7890,3840,-42,3145,-4718,-6763,6168,2640,-1717,124,-752,-934,1,1191
115	12752		A5+A2	7	10	36	18	2	1	291/28	12	4	-1	1	0	0	0	0	10	28	0,0,0,0,0,0,0,0,0	O:4;R2:1;R5:1	0,0,0,0,0,0,0,0,0	-8,-118,-59,-309,-150,2,-125,186,262,-240,-100,66,0,30,32,-1,-45
116	12783		A5+A2	7	10	36	18	2	1	291/28	12	4	-1	1	0	0	0	0	10	28	0,0,0,0,0,0,0,0,0	O:4;R2:1;R4:1	0,0,0,0,0,0,0,0,0	69,2168,1012,6182,3009,-33,2465,-3699,-5300,4835,2066,-1346,97,-590,-731,1,933
117	12858		A5+A2	7	10	36	18	2	1	291/28	12	4	-1	1	0	0	0	0	10	28	0,0,0,0,0,0,0,0,0	O:4;R2:1;R4:1	0,0,0,0,0,0,0,0,0	83,2626,1223,7502,3650,-39,2991,-4487,-6432,5866,2510,-1632,120,-716,-889,1,1133
