priority	mask	hex	multiplicity	witness
1	34525	0x086dd	33	1 0 1 1 1 -2 -3 1 0 1 -1 -2 -2 2 -2 -1 -2
2	57379	0x0e023	33	1 -1 0 0 2 -1 -2 0 0 0 0 -2 0 1 -1 -1 -2
3	61122	0x0eec2	33	0 1 2 2 2 -4 -7 3 0 3 -1 -5 -2 5 -3 -1 -4
4	12293	0x03005	32	1 0 1 2 2 -2 -4 0 -2 0 0 -2 -1 1 -2 0 -2
5	5641	0x01609	31	1 0 0 1 2 0 -2 0 0 1 1 -2 -1 0 -2 0 -2
6	6752	0x01a60	31	0 0 0 0 2 -1 -3 0 0 1 0 -1 -1 2 -2 0 -2
7	8210	0x02012	31	2 -1 0 0 3 0 -2 0 -2 0 2 -2 0 -1 -2 0 -2
8	14123	0x0372b	31	1 1 0 1 2 -1 -4 0 -1 1 1 -2 -1 1 -2 0 -2
9	18445	0x0480d	31	1 0 -1 -1 2 -2 -2 0 0 0 0 -1 0 2 -1 -2 -2
10	18595	0x048a3	31	1 1 2 2 2 -3 -6 1 -2 2 0 -3 -2 2 -3 0 -2
11	29640	0x073c8	31	0 0 0 1 0 0 -1 -1 1 1 0 0 -1 1 -1 0 0
12	30497	0x07721	31	1 0 0 0 0 -3 -2 2 1 1 -1 -2 -1 3 -1 -2 -2
13	32278	0x07e16	31	0 1 1 2 3 -2 -6 0 -2 1 1 -3 -1 1 -3 0 -2
14	49556	0x0c194	31	0 2 1 2 3 -2 -6 1 -1 2 0 -4 -2 2 -3 1 -2
15	52904	0x0cea8	31	0 0 0 1 0 1 0 -1 0 1 1 1 -2 0 -1 1 0
16	61948	0x0f1fc	31	2 0 1 1 3 -3 -5 1 -3 0 0 -4 -1 1 -3 -1 -2
17	65196	0x0feac	31	0 0 1 -1 0 -1 0 1 0 -1 -1 -1 1 1 1 -1 0
18	100944	0x18a50	31	0 0 0 0 1 0 -1 0 0 1 2 -1 -2 0 -2 1 -1
19	123312	0x1e1b0	31	0 0 0 0 1 1 0 -1 1 0 0 0 0 1 -1 -1 -1
20	1575	0x00627	30	1 -1 -1 0 0 1 2 -2 0 -1 1 2 0 -2 0 0 0
21	3903	0x00f3f	30	1 -1 -1 -1 1 1 2 -2 1 -1 1 1 0 -2 0 0 0
22	7127	0x01bd7	30	1 -1 1 0 1 0 -1 1 -3 -1 0 -1 1 0 0 0 0
23	7454	0x01d1e	30	2 -1 1 1 3 -2 -4 0 -3 0 1 -3 -1 0 -2 0 -2
24	29691	0x073fb	30	1 -1 0 -1 1 1 1 -1 -1 -1 2 0 -1 -1 -1 0 0
25	34989	0x088ad	30	1 0 -1 -1 0 -1 0 -1 0 0 0 1 0 0 0 -1 0
26	37067	0x090cb	30	1 1 2 1 2 -2 -5 1 -2 0 0 -4 -1 2 -2 -1 -2
27	39395	0x099e3	30	1 1 0 0 2 -3 -5 1 -1 0 0 -3 -1 2 -2 -1 -2
28	42459	0x0a5db	30	1 1 2 3 5 -6 -11 3 -3 2 -1 -8 -2 5 -4 -1 -4
29	52676	0x0cdc4	30	0 0 1 2 2 -2 -5 1 -1 2 1 -3 -2 2 -3 1 -2
30	52907	0x0ceab	30	1 -1 0 -1 0 -1 0 1 -2 -1 -1 1 2 0 1 -1 0
31	57522	0x0e0b2	30	0 1 0 0 1 -1 -2 -1 0 0 0 -2 0 1 -1 -1 0
32	63375	0x0f78f	30	1 1 1 1 2 -4 -6 1 -1 1 -1 -4 -1 3 -3 -1 -2
33	108819	0x1a913	30	1 1 2 2 3 -4 -8 2 -3 2 0 -5 -2 3 -4 -1 -3
34	7140	0x01be4	29	0 0 1 0 0 -1 -1 1 -1 -1 -2 -1 1 0 0 0 0
35	8297	0x02069	29	1 0 0 1 2 -1 -3 0 -2 0 0 -2 0 1 -2 0 -2
36	12498	0x030d2	29	2 -1 0 0 1 0 -1 -1 -2 0 2 0 -1 -1 -2 0 0
37	15326	0x03bde	29	2 -1 1 1 3 -2 -5 1 -3 1 2 -3 -1 1 -2 0 -2
38	15358	0x03bfe	29	0 1 1 1 1 -1 -3 -1 -1 1 0 -1 -1 1 -2 0 0
39	21578	0x0544a	29	2 -1 2 1 2 0 -3 0 -2 0 1 -2 -1 0 -3 0 -2
40	22733	0x058cd	29	1 0 -1 -1 2 0 -1 -1 0 0 2 -1 -1 0 -1 0 0
41	26400	0x06720	29	0 0 0 0 0 1 0 -2 1 -1 1 0 0 -1 -1 0 0
42	28216	0x06e38	29	0 0 0 1 1 1 0 -2 0 -1 1 -1 0 -1 -1 0 0
43	32909	0x0808d	29	1 -2 -1 -3 -2 2 6 -1 0 -2 0 4 2 -2 2 -1 2
44	35269	0x089c5	29	1 0 1 2 2 -2 -5 1 -1 2 0 -3 -2 2 -2 1 -2
45	36805	0x08fc5	29	1 0 1 2 2 0 -3 1 -1 1 1 -3 -2 0 -2 1 -2
46	43403	0x0a98b	29	1 1 2 3 4 -6 -10 3 -3 2 -2 -7 -2 5 -4 -1 -4
47	47011	0x0b7a3	29	1 1 0 0 2 -3 -4 1 -1 1 -1 -2 -1 3 -2 -1 -2
48	51153	0x0c7d1	29	1 0 2 2 3 -2 -5 1 -3 1 1 -4 -2 0 -3 1 -2
49	52905	0x0cea9	29	1 0 2 1 2 -1 -4 1 -2 1 1 -3 -2 0 -3 1 -2
50	57125	0x0df25	29	1 0 1 2 4 -5 -8 2 -3 1 -1 -5 -1 4 -3 -1 -4
51	57818	0x0e1da	29	0 1 0 1 1 -2 -3 1 1 2 0 -2 -2 3 -1 -1 -2
52	59354	0x0e7da	29	0 1 0 1 1 -2 -3 1 1 1 -1 -2 -2 3 -1 -1 -2
53	93383	0x16cc7	29	1 -1 -1 0 0 0 1 -1 0 0 1 1 0 -1 -1 0 -1
54	122669	0x1df2d	29	1 0 1 1 2 -3 -4 2 -1 1 -1 -3 -1 2 -3 -1 -3
55	5953	0x01741	28	1 0 0 0 2 -2 -3 0 -1 1 1 -2 -1 2 -2 0 -2
56	7769	0x01e59	28	1 0 0 1 1 0 -1 0 0 1 1 -1 -1 0 -2 0 -2
57	12934	0x03286	28	2 -1 1 0 2 0 -2 -1 -2 -1 2 -2 -1 -1 -2 0 0
58	15294	0x03bbe	28	0 1 1 1 1 -3 -4 1 1 1 -2 -3 -1 3 -2 -2 -2
59	15342	0x03bee	28	0 1 1 1 2 -3 -5 1 -1 1 0 -3 -1 3 -2 -2 -2
60	18550	0x04876	28	2 -1 1 0 1 -1 -1 0 -2 0 0 -1 0 0 -1 0 -2
61	30278	0x07646	28	2 -1 1 0 2 -2 -3 0 -2 1 1 -2 -1 1 -3 0 -2
62	30558	0x0775e	28	0 1 1 1 3 -2 -5 0 -1 1 1 -4 -1 1 -3 0 -2
63	32606	0x07f5e	28	2 -1 1 1 3 -2 -5 0 -3 1 1 -3 -1 1 -3 0 -2
64	40848	0x09f90	28	2 0 0 0 3 -2 -4 1 -1 1 1 -3 -1 2 -2 -1 -2
65	46752	0x0b6a0	28	2 0 0 0 2 -3 -4 1 -2 1 1 -2 -1 1 -2 -1 -2
66	49565	0x0c19d	28	1 -2 -1 -3 -3 2 6 -1 1 -2 0 4 2 -2 3 -1 2
67	57276	0x0dfbc	28	2 0 1 1 3 -3 -6 1 -3 1 1 -3 -1 2 -3 -1 -2
68	59874	0x0e9e2	28	0 1 2 2 2 -5 -7 3 -1 2 -2 -5 -2 5 -3 -1 -4
69	60643	0x0ece3	28	1 -1 0 0 0 1 1 -1 0 0 1 1 -2 -1 -1 1 0
70	62429	0x0f3dd	28	1 0 1 1 1 -2 -3 1 -1 1 0 -2 -1 1 -3 -1 -2
71	62807	0x0f557	28	1 1 1 2 3 -4 -7 2 -1 2 -1 -4 -1 3 -3 -1 -4
72	63219	0x0f6f3	28	1 1 2 2 3 -3 -7 1 -2 1 -1 -4 -1 3 -3 -1 -2
73	63443	0x0f7d3	28	1 1 2 2 3 -4 -7 1 -3 1 -1 -4 -1 3 -3 -1 -2
74	65027	0x0fe03	28	1 1 2 2 4 -4 -8 2 -2 1 -1 -5 -1 3 -3 -1 -4
75	66632	0x10448	28	2 0 2 3 4 -4 -9 2 -4 2 1 -6 -2 2 -4 0 -3
76	67710	0x1087e	28	0 1 1 1 1 -1 -3 0 0 2 0 -1 -2 2 -2 0 -1
77	68808	0x10cc8	28	0 0 0 1 -2 0 1 1 0 0 -1 1 0 0 2 0 1
78	71488	0x11740	28	2 0 0 0 2 -2 -3 0 -1 1 1 -2 -1 0 -2 0 -1
79	74937	0x124b9	28	1 0 0 -1 1 1 0 -1 0 0 1 0 0 -1 -2 0 -1
80	84932	0x14bc4	28	0 0 1 0 0 0 -1 1 -1 -1 0 -1 0 0 1 0 1
81	98264	0x17fd8	28	0 0 0 1 1 0 -1 -1 1 1 1 -1 -1 1 -1 0 -1
82	100175	0x1874f	28	1 1 1 1 2 0 -3 0 -1 1 1 -2 -2 0 -2 1 -1
83	112434	0x1b732	28	0 1 0 0 1 -1 -2 0 1 1 1 -2 -1 1 -2 -1 -1
84	119453	0x1d29d	28	1 0 1 1 3 -4 -6 1 -2 1 0 -4 -1 2 -3 -1 -3
85	120966	0x1d886	28	2 -1 1 0 2 0 -2 -1 -2 0 2 -1 -1 -2 -3 1 -1
86	126317	0x1ed6d	28	1 0 1 1 2 -3 -5 2 -1 2 -1 -3 -2 3 -3 -1 -3
87	13902	0x0364e	27	2 -1 1 1 2 -2 -3 0 -2 1 1 -2 -1 1 -2 0 -2
88	8526	0x0214e	27	0 1 1 1 0 -2 -3 2 -1 0 -2 -2 0 1 0 0 0
89	91569	0x165b1	26	1 0 0 0 3 -3 -4 1 -1 0 -1 -2 0 3 -1 -2 -3
90	71491	0x11743	27	1 1 0 0 2 -2 -3 0 -1 1 1 -2 -1 0 -2 0 -1
91	83635	0x146b3	26	1 -1 0 0 1 1 0 -1 0 -1 1 0 0 -2 -1 0 -1
92	128480	0x1f5e0	27	0 0 0 0 0 1 1 -1 1 0 1 0 -1 -1 -1 1 -1
93	63372	0x0f78c	26	0 2 1 1 2 -4 -6 1 -1 1 -1 -4 -1 3 -3 -1 -2
94	35357	0x08a1d	26	1 0 1 1 3 -2 -4 0 -2 -1 0 -3 0 0 -2 -1 -2
95	38173	0x0951d	26	1 0 1 1 3 -4 -6 2 -1 2 -1 -4 -1 4 -2 -1 -4
96	16782	0x0418e	27	0 1 1 3 2 -2 -6 1 -1 2 0 -4 -2 2 -3 0 -2
97	94144	0x16fc0	26	2 -2 0 0 2 0 -1 -1 -1 -1 1 -1 0 -1 -1 0 -1
98	1097	0x00449	26	1 0 0 1 2 -2 -3 0 -2 0 1 -2 0 0 -2 0 -2
99	93271	0x16c57	27	1 1 1 2 3 -4 -7 2 -2 2 1 -5 -2 3 -3 0 -3
100	80392	0x13a08	26	0 2 0 1 2 -2 -4 0 0 1 0 -3 -1 1 -2 0 -1
101	54685	0x0d59d	26	1 0 -1 -1 1 0 0 -1 1 0 1 0 -1 0 -1 -1 0
102	100187	0x1875b	27	1 -1 0 1 1 0 -1 0 -1 1 1 0 -2 0 -2 1 -1
103	28328	0x06ea8	27	2 0 2 1 2 -1 -4 1 -2 1 1 -3 -2 1 -3 0 -2
104	93188	0x16c04	26	2 0 1 2 4 -4 -8 2 -4 2 1 -5 -2 3 -3 0 -3
105	100111	0x1870f	26	1 1 1 1 2 -4 -6 2 -1 1 -1 -4 -2 4 -2 -1 -3
106	100525	0x188ad	26	1 0 -1 -1 0 1 2 -1 2 0 0 1 0 0 0 -1 -1
107	113208	0x1ba38	26	0 2 2 3 3 -3 -8 2 -2 3 0 -5 -3 3 -4 1 -3
108	91078	0x163c6	26	0 1 1 2 2 -2 -5 1 -1 1 0 -4 -2 1 -3 0 -1
109	6560	0x019a0	27	2 0 0 0 2 -3 -4 1 -1 0 0 -3 -1 2 -2 -2 -2
110	82313	0x14189	26	3 -2 0 -1 2 0 0 -1 -3 -2 2 0 0 -2 -1 0 -1
111	7765	0x01e55	26	1 0 1 0 1 0 -1 0 0 1 1 -1 -1 0 -2 0 -2
112	38429	0x0961d	27	1 0 1 1 3 -4 -6 2 -2 1 -1 -4 -1 4 -2 -1 -4
113	7502	0x01d4e	27	2 -1 1 -1 2 0 -1 0 -1 0 1 -1 -1 0 -2 0 -2
114	60630	0x0ecd6	27	0 1 1 2 3 -2 -5 1 -2 2 1 -3 -2 1 -3 1 -2
115	39458	0x09a22	26	2 -1 0 0 2 -1 -2 0 -2 1 2 -1 -1 0 -2 1 -2
116	101262	0x18b8e	26	0 1 1 1 0 -4 -4 3 -1 1 -2 -3 0 2 0 -1 -1
117	64338	0x0fb52	26	2 -1 0 0 1 2 1 -2 -1 -1 2 1 -1 -3 -1 1 0
118	8153	0x01fd9	26	1 0 0 1 3 -2 -5 1 -3 1 1 -3 -1 2 -2 0 -2
119	38428	0x0961c	26	2 0 1 1 3 -4 -6 2 -2 1 -1 -4 -1 4 -2 -1 -4
120	69608	0x10fe8	26	2 0 2 1 4 -3 -7 1 -3 1 1 -5 -2 2 -4 0 -3
121	46906	0x0b73a	27	0 1 0 1 3 -1 -4 0 -1 1 1 -2 -1 1 -2 1 -2
122	99558	0x184e6	27	2 -1 1 0 2 -3 -3 1 -2 0 -1 -2 0 2 -2 -1 -3
123	28013	0x06d6d	27	1 0 -1 -1 0 1 1 -2 1 0 1 1 0 -1 -1 0 0
124	74715	0x123db	27	1 -1 0 -1 -1 2 3 -1 1 -1 0 2 0 -1 0 0 -1
125	90933	0x16335	26	1 0 1 2 3 -3 -6 2 -3 1 0 -4 -2 3 -3 0 -3
126	119443	0x1d293	26	1 1 2 2 3 -2 -6 1 -2 1 0 -4 -1 2 -3 -1 -3
127	65419	0x0ff8b	27	1 -1 0 -1 -2 2 4 -1 -1 -1 1 3 1 -3 1 1 2
128	20159	0x04ebf	26	1 1 1 1 3 -3 -6 1 -2 1 1 -5 -2 2 -3 0 -2
129	23135	0x05a5f	27	1 1 1 1 3 -2 -5 0 -2 1 0 -3 -1 2 -3 0 -2
130	117197	0x1c9cd	27	1 0 -1 -1 0 0 1 -1 1 0 0 1 0 0 -1 -1 -1
131	86455	0x151b7	26	1 1 1 2 3 -3 -6 1 -1 2 0 -4 -1 2 -3 0 -3
132	93540	0x16d64	26	2 0 1 2 4 -3 -7 2 -3 2 1 -5 -2 3 -3 0 -3
133	5736	0x01668	26	0 0 0 1 2 -1 -3 0 0 1 1 -2 -1 2 -2 0 -2
134	99898	0x1863a	26	0 1 0 1 1 -1 -2 0 0 1 1 -2 -2 0 -2 1 -1
135	15576	0x03cd8	26	0 0 0 1 1 0 -1 -1 0 0 1 -1 -1 -1 -2 0 0
136	57597	0x0e0fd	26	1 0 1 1 1 -1 -3 1 0 2 0 -2 -2 1 -3 1 -2
137	114200	0x1be18	25	2 0 0 1 3 -4 -6 2 -2 1 -1 -3 -1 3 -2 -1 -3
138	94610	0x17192	25	2 -1 0 0 1 0 0 -1 -1 0 2 0 -1 -1 -1 0 -1
139	86867	0x15353	24	1 -1 0 0 1 0 -1 0 -1 1 2 0 -1 0 -1 0 -1
140	106383	0x19f8f	25	1 -1 1 1 2 0 -2 -1 -1 1 1 -1 -1 0 -2 1 -1
141	60293	0x0eb85	24	1 0 1 2 4 -2 -6 1 -3 1 2 -5 -2 1 -3 1 -2
142	10367	0x0287f	24	1 -1 -1 -1 1 1 1 -2 0 0 2 1 0 -1 0 0 0
143	117701	0x1cbc5	24	1 0 1 2 4 -4 -7 1 -3 1 0 -5 0 2 -3 -1 -3
144	25279	0x062bf	25	1 1 1 1 3 -3 -6 1 -2 1 0 -4 -2 3 -3 0 -2
145	96263	0x17807	25	1 -1 1 0 0 0 0 0 -2 -2 0 -1 1 -1 1 0 1
146	124607	0x1e6bf	25	1 -1 -1 -1 1 3 2 -3 0 -1 3 2 0 -3 -1 1 1
147	13898	0x0364a	24	2 -1 0 1 2 -2 -3 0 -2 1 1 -2 -1 1 -2 0 -2
148	122495	0x1de7f	24	1 1 1 1 3 -5 -7 2 -2 1 -1 -5 -1 4 -3 -1 -3
149	42094	0x0a46e	24	2 -1 1 1 2 -1 -3 0 -2 0 1 -2 0 1 -2 -1 -2
150	6903	0x01af7	25	1 1 1 2 3 -5 -7 3 -2 1 -2 -5 -1 4 -2 -2 -4
151	37064	0x090c8	24	0 0 0 1 2 -2 -3 1 0 2 0 -2 -1 2 -2 -1 -2
152	63652	0x0f8a4	24	2 0 1 0 2 -3 -4 1 -2 0 0 -3 -1 1 -3 -1 -2
153	80340	0x139d4	25	2 0 1 2 3 -2 -5 1 -3 0 0 -3 -1 1 -2 0 -3
154	96780	0x17a0c	24	0 0 1 1 0 0 0 0 -2 -1 0 -1 1 -1 1 0 1
155	30561	0x07761	25	1 0 0 0 2 -1 -3 0 -1 1 1 -2 -1 1 -3 0 -2
156	44478	0x0adbe	25	0 1 1 1 1 -3 -4 1 1 2 -1 -3 -2 3 -2 -1 -2
157	65147	0x0fe7b	25	1 1 2 3 3 -3 -7 2 -2 1 -1 -5 -1 3 -3 -1 -4
158	61142	0x0eed6	25	0 1 1 2 3 -4 -7 3 0 3 -1 -5 -2 5 -3 -1 -4
159	36107	0x08d0b	25	1 1 0 1 2 -4 -6 2 -1 2 -1 -3 -2 4 -2 -1 -2
160	45800	0x0b2e8	24	0 2 0 1 2 -3 -5 1 0 1 0 -4 -1 3 -2 -1 -2
161	73661	0x11fbd	24	1 0 1 1 1 -1 -2 -1 -1 1 1 -1 -1 0 -2 0 -1
162	44707	0x0aea3	25	1 1 2 2 2 -5 -8 3 -2 3 -1 -5 -2 5 -4 -1 -4
163	131020	0x1ffcc	24	2 0 1 1 4 -4 -7 1 -3 1 1 -5 -1 3 -3 -1 -3
164	100618	0x1890a	25	2 -1 0 -1 2 -2 -2 0 -1 0 0 -1 0 0 -2 -1 -1
165	116544	0x1c740	24	0 2 2 2 2 -4 -7 2 -1 3 -1 -4 -2 4 -3 -1 -3
166	94798	0x1724e	24	0 1 1 1 2 -2 -5 0 -2 1 0 -2 -1 1 -3 0 -1
167	48907	0x0bf0b	24	1 -1 0 1 2 0 -2 0 -1 1 1 -1 -1 1 -2 1 -2
168	12214	0x02fb6	24	2 -1 1 0 1 -1 -2 1 -1 1 1 -1 -2 1 -2 0 -2
169	74792	0x12428	24	0 0 2 1 0 -1 -2 2 -2 0 -1 -2 0 1 0 0 -1
170	123840	0x1e3c0	24	2 0 2 2 4 -6 -9 3 -3 1 -2 -6 0 5 -3 -3 -5
171	56629	0x0dd35	24	1 0 1 2 3 -1 -4 0 -3 0 1 -3 -1 0 -3 1 -2
172	17477	0x04445	25	1 0 1 0 2 -2 -3 0 0 0 -1 -2 0 2 -1 -2 -2
173	31206	0x079e6	24	0 1 1 2 2 -5 -7 3 -1 2 -2 -5 -1 5 -3 -2 -4
174	50094	0x0c3ae	24	2 -1 1 1 2 -1 -4 1 -3 1 2 -2 -2 0 -3 1 -2
175	83787	0x1474b	25	1 1 2 3 4 -4 -9 2 -3 1 -1 -6 -2 4 -3 0 -3
176	49751	0x0c257	25	1 -1 -1 0 1 2 1 -2 0 -1 2 0 0 -2 -1 1 0
177	73631	0x11f9f	24	1 -1 -1 -1 1 2 2 -1 1 -1 1 1 1 -2 0 0 -1
178	94555	0x1715b	25	1 1 0 1 1 -2 -3 0 -1 0 0 -2 -1 1 -1 0 -1
179	106346	0x19f6a	25	0 1 0 1 2 -3 -5 0 -1 1 1 -3 -1 2 -2 -1 -1
180	122515	0x1de93	24	1 1 2 2 3 -4 -8 1 -2 1 -1 -5 -1 4 -3 -1 -3
181	44214	0x0acb6	24	0 1 1 2 1 -3 -4 1 0 2 -1 -3 -2 3 -2 -1 -2
182	29160	0x071e8	25	0 0 0 1 0 -1 -1 1 -1 0 -2 0 1 1 1 0 0
183	52305	0x0cc51	25	1 0 0 0 1 0 -1 0 0 0 1 -1 0 0 -1 -1 -2
184	89028	0x15bc4	24	2 0 1 2 4 -4 -7 1 -3 1 0 -5 -1 2 -3 0 -3
185	3845	0x00f05	25	1 0 -1 0 0 2 2 -2 1 -1 1 1 0 -2 0 0 0
186	106894	0x1a18e	24	0 1 1 1 2 -2 -4 -1 -1 0 0 -2 0 1 -2 -1 -1
187	5113	0x013f9	22	1 0 2 1 3 -3 -7 1 -3 1 0 -4 -1 2 -4 0 -2
188	93739	0x16e2b	20	1 -1 0 -1 0 1 2 -2 0 -1 1 1 0 -3 -1 0 1
189	124417	0x1e601	20	1 0 2 2 2 -4 -6 2 -2 1 -1 -4 -2 3 -3 -1 -3
190	129052	0x1f81c	21	2 0 1 1 5 -4 -8 2 -4 0 0 -5 -1 3 -3 -1 -3
191	122417	0x1de31	20	1 0 0 0 1 -1 -2 0 0 1 1 -1 -1 2 -1 -1 -1
192	11238	0x02be6	21	0 1 1 2 2 -1 -5 1 -1 1 0 -3 -2 3 -2 0 -2
193	4724	0x01274	23	0 0 1 2 1 -1 -3 0 0 1 0 -2 -1 2 -2 0 -2
194	101365	0x18bf5	20	1 0 1 2 3 -3 -5 1 -3 1 0 -3 0 2 -2 -1 -3
195	73073	0x11d71	21	1 0 0 0 3 -1 -3 0 -1 0 1 -3 -1 0 -2 0 -1
196	29295	0x0726f	21	1 -1 -1 -1 0 1 3 -2 0 -1 0 2 1 -1 1 0 0
197	11717	0x02dc5	21	1 -2 -1 -2 -2 2 5 -1 -1 -2 1 3 2 -3 2 0 2
198	93603	0x16da3	22	1 -1 0 0 2 1 0 -1 -1 -2 1 -1 0 -1 -1 0 -1
199	8269	0x0204d	22	1 0 1 1 4 -2 -5 0 -2 0 0 -4 0 1 -2 0 -2
200	23352	0x05b38	22	0 0 0 1 1 -1 -2 0 1 1 0 -1 -1 2 -1 0 -2
201	47137	0x0b821	21	1 0 0 0 2 -1 -2 0 0 0 0 -1 -1 1 -2 -1 -2
202	16661	0x04115	23	1 0 1 2 1 0 -2 0 -1 0 0 -2 0 0 -1 0 -2
203	47728	0x0ba70	21	2 0 2 2 5 -5 -9 2 -4 1 0 -7 -1 3 -4 -1 -4
204	63791	0x0f92f	21	1 -1 -1 -1 0 1 2 -2 1 -2 0 1 1 -1 1 -1 0
205	80064	0x138c0	21	0 0 0 0 0 0 1 -1 0 0 0 1 1 -1 0 0 -1
206	120189	0x1d57d	21	1 -2 -1 -3 -3 5 9 -2 1 -2 1 6 1 -4 3 1 3
207	87905	0x15761	23	1 0 0 0 2 -1 -3 0 -1 1 1 -2 -1 0 -3 0 -1
208	44375	0x0ad57	21	1 -1 1 0 -1 -2 -1 2 -1 0 -1 -1 0 1 0 -1 0
209	39933	0x09bfd	21	1 0 1 1 1 -3 -5 1 -1 1 0 -3 -1 2 -2 -1 -2
210	7942	0x01f06	22	2 -1 1 0 2 0 -2 0 -1 1 1 -1 -1 0 -2 0 -2
211	24261	0x05ec5	21	1 0 1 2 2 -2 -5 1 -2 1 1 -3 -1 0 -3 0 -2
212	105829	0x19d65	22	3 -2 1 0 2 1 -1 0 -3 0 3 -1 -1 -2 -2 1 -1
213	7552	0x01d80	22	0 0 0 0 2 0 -2 -1 -1 0 1 -1 -1 0 -2 0 0
214	23185	0x05a91	21	1 0 0 0 1 -2 -2 1 0 1 0 -1 -1 2 -1 -2 -2
215	109473	0x1aba1	22	1 0 0 0 2 -3 -4 1 -1 1 0 -3 0 3 -2 -1 -3
216	128056	0x1f438	20	0 0 0 1 1 -1 -2 0 0 0 1 -2 -1 1 -1 -1 -1
217	92673	0x16a01	22	1 0 2 2 4 -4 -8 2 -4 1 0 -5 -2 3 -3 0 -3
218	58638	0x0e50e	23	0 1 1 1 0 -2 -2 2 -1 0 -1 -2 0 1 1 -1 0
219	42521	0x0a619	22	1 0 0 1 3 -2 -4 0 -2 1 1 -2 0 1 -2 -1 -2
220	75059	0x12533	21	1 -1 0 0 1 1 0 0 -1 0 1 0 0 -1 -2 0 -1
221	93844	0x16e94	21	2 0 1 0 3 -4 -6 1 -2 1 -1 -3 0 3 -3 -2 -3
222	81725	0x13f3d	21	1 0 1 1 1 -3 -4 2 -1 1 -1 -3 -1 3 -2 -2 -3
223	18158	0x046ee	21	2 -1 1 1 2 -1 -3 1 -2 1 1 -2 -2 0 -3 0 -2
224	48111	0x0bbef	20	1 1 1 1 2 -3 -5 1 -1 1 0 -3 -1 1 -2 -1 -2
225	102857	0x191c9	23	1 0 0 1 2 0 -3 -1 -1 0 2 -2 -1 0 -2 1 -1
226	113165	0x1ba0d	21	1 0 1 1 2 -2 -4 0 -2 -1 0 -3 -1 1 -2 -1 -1
227	56608	0x0dd20	22	2 0 2 2 4 -5 -8 2 -3 2 -1 -5 -1 4 -3 -1 -4
228	115265	0x1c241	20	1 0 2 2 2 -2 -5 2 -2 1 0 -4 -2 2 -3 1 -3
229	14900	0x03a34	20	0 0 1 0 1 -1 -2 0 0 1 0 -1 -1 1 -2 0 -2
230	29253	0x07245	20	1 0 1 2 2 -2 -5 0 -2 1 0 -2 -1 1 -3 0 -2
231	59519	0x0e87f	22	1 -1 -1 -1 1 1 1 -2 0 0 2 1 0 -1 -1 1 0
232	122735	0x1df6f	21	1 1 1 1 2 -3 -5 2 -1 1 -1 -3 -1 2 -3 -1 -3
233	84494	0x14a0e	21	2 -1 1 1 2 -2 -4 2 -2 1 0 -3 -2 2 -3 0 -3
234	19458	0x04c02	21	0 1 0 0 2 0 -2 -2 0 0 1 -1 0 0 -1 0 0
235	128622	0x1f66e	21	0 1 1 1 2 -3 -5 2 0 1 -1 -4 -1 3 -3 -1 -3
236	100147	0x18733	23	1 1 0 0 3 -5 -6 2 -1 1 -1 -4 0 4 -2 -3 -3
237	43866	0x0ab5a	21	2 -1 0 -1 1 2 1 -2 -1 -1 2 1 0 -3 -2 1 0
238	4628	0x01214	21	2 -2 -1 -2 1 2 2 -2 0 -1 2 2 1 -2 0 0 0
239	6469	0x01945	21	1 0 1 0 0 0 -1 2 -1 0 0 -1 -1 0 0 0 0
240	48000	0x0bb80	21	2 0 2 2 4 -4 -8 1 -3 1 0 -5 -1 3 -4 -1 -4
241	54003	0x0d2f3	23	1 1 2 2 3 -3 -7 1 -2 1 0 -4 -1 2 -3 -1 -2
242	63525	0x0f825	20	1 0 -1 0 2 -1 -2 0 0 0 0 -1 1 1 -1 -1 -2
243	124138	0x1e4ea	22	0 1 0 1 2 -1 -3 -1 0 0 1 -2 0 1 -1 -1 -1
244	67458	0x10782	22	0 1 0 0 2 -2 -4 1 -1 1 1 -2 -2 2 -2 0 -1
245	54401	0x0d481	20	1 0 0 0 0 0 0 -1 0 0 1 0 -1 0 -1 -1 0
246	98260	0x17fd4	22	2 0 1 2 3 -2 -5 1 -3 1 1 -3 -1 1 -3 0 -3
247	28771	0x07063	21	1 -1 0 0 0 3 3 -2 0 0 2 2 -1 -3 -1 2 0
248	82576	0x14290	20	2 0 2 2 3 -2 -6 1 -2 1 0 -4 -2 2 -3 0 -3
249	72665	0x11bd9	21	1 0 0 1 3 -2 -5 1 -1 1 0 -3 -1 2 -2 0 -3
250	104533	0x19855	22	1 0 1 0 1 0 -1 0 0 0 0 -1 -1 0 -2 -1 -1
251	34023	0x084e7	21	1 1 1 2 4 -5 -9 3 -2 2 -1 -6 -2 4 -4 -1 -4
252	85346	0x14d62	21	0 1 2 2 2 -3 -7 2 -1 2 -1 -5 -2 4 -3 0 -3
253	63597	0x0f86d	23	1 0 -1 -1 2 -1 -1 0 0 0 0 -1 1 1 -1 -1 -2
254	112330	0x1b6ca	20	0 1 0 1 2 0 -3 -1 0 1 1 -2 -1 1 -2 1 -1
255	34294	0x085f6	21	0 1 1 2 3 -3 -7 1 -3 2 1 -4 -2 2 -4 1 -2
256	24224	0x05ea0	21	0 0 0 0 0 1 0 -1 0 1 1 1 -1 0 -1 0 0
257	104816	0x19970	22	0 0 0 0 1 -1 -1 0 1 0 0 -1 -1 2 0 -1 -1
258	68296	0x10ac8	20	2 -2 0 -1 0 2 3 -1 0 -1 2 1 0 -2 0 0 -1
259	103263	0x1935f	20	1 -1 -1 -1 -1 2 3 -2 1 -1 2 2 -1 -2 0 1 1
260	35046	0x088e6	20	0 1 1 2 2 -3 -5 1 -2 2 0 -3 -2 2 -2 1 -2
261	63149	0x0f6ad	20	1 -2 -1 -1 -2 3 6 -1 0 -1 1 4 1 -3 3 1 2
262	22923	0x0598b	19	1 -1 0 -1 0 2 2 -1 1 0 2 1 -1 -2 -1 0 0
263	4585	0x011e9	19	1 0 0 1 2 -1 -3 1 -1 0 0 -2 -1 0 -2 0 -2
264	107901	0x1a57d	18	1 0 1 1 1 -1 -3 0 -1 2 1 -2 -2 1 -2 1 -1
265	60007	0x0ea67	19	1 -1 1 0 2 1 -1 -2 -2 -1 2 -1 0 -1 -1 1 0
266	93673	0x16de9	19	1 0 0 1 2 1 -1 -1 -1 0 1 -1 0 -1 -1 0 -1
267	118133	0x1cd75	18	1 0 1 2 3 -1 -5 0 -3 0 1 -3 -2 0 -3 1 -1
268	104025	0x19659	17	1 0 0 1 1 -2 -3 2 0 1 -1 -2 -1 2 -2 -1 -3
269	87304	0x15508	19	0 0 0 1 2 0 -2 0 -1 0 1 -2 -1 0 -1 0 -1
270	91811	0x166a3	18	1 1 0 0 2 -3 -4 1 0 1 -1 -2 0 3 -1 -2 -3
271	81847	0x13fb7	19	3 -1 1 0 3 -3 -4 1 -3 -1 -1 -3 1 1 -2 -2 -3
272	39345	0x099b1	19	1 0 0 0 3 -3 -4 1 -1 0 0 -3 -1 2 -2 -1 -2
273	94699	0x171eb	19	1 -1 -2 -3 0 3 5 -3 1 -2 2 4 1 -3 1 0 1
274	94370	0x170a2	19	2 -1 2 2 4 -3 -6 1 -4 0 0 -4 -1 1 -3 0 -3
275	122980	0x1e064	19	0 2 1 2 4 -5 -9 2 -2 2 0 -6 -2 5 -3 -1 -3
276	124248	0x1e558	19	0 2 2 3 3 -4 -9 2 -1 2 -1 -6 -2 5 -3 -1 -3
277	84545	0x14a41	17	1 0 2 2 2 -2 -5 2 -2 1 0 -3 -2 2 -3 0 -3
278	111482	0x1b37a	19	0 1 0 1 1 -1 -3 0 1 1 0 -2 -1 1 -2 -1 -1
279	125908	0x1ebd4	19	2 -2 -1 -2 1 4 5 -3 -1 -3 2 3 2 -5 1 1 1
280	39401	0x099e9	19	1 0 0 1 2 -3 -5 1 -1 0 0 -3 -1 2 -2 -1 -2
281	27590	0x06bc6	18	0 1 1 2 2 -2 -5 1 -1 1 0 -3 -2 1 -3 0 -2
282	22383	0x0576f	19	1 -1 1 1 2 -1 -3 0 -1 1 1 -2 -1 0 -3 0 -2
283	92811	0x16a8b	18	1 -1 0 1 2 0 -2 -1 -2 -1 2 -1 0 -1 -1 0 -1
284	77903	0x1304f	19	1 1 1 1 2 -2 -5 0 -2 0 0 -2 -1 1 -2 0 -1
285	25028	0x061c4	19	0 2 1 2 2 -4 -7 1 -1 2 0 -4 -2 3 -3 0 -2
286	32442	0x07eba	18	0 1 0 1 1 -1 -2 -1 0 1 1 -1 -1 1 -1 0 0
287	63700	0x0f8d4	7	2 0 1 0 3 -2 -5 1 -2 0 0 -3 -1 1 -3 -1 -2
288	7239	0x01c47	10	1 -1 -1 -2 0 2 3 -2 0 -2 1 3 1 -2 0 0 0
