parameter,generic_subgroup_rank,best_retained_quotient_rank,full_curve_rank,compatible_cover_count,eligible_degree_one_pairs,rational_degree_one_components_at_parameter_mod_conjugation,pair_relation_rank,native_quotient_upper_bound,co_split_triples,zero_residual_triples,triple_total_intersection_degree_lower_bound
-102202/53157,17,0,UNKNOWN,0,0,0,0,0,0,0,NOT_APPLICABLE
-10358/5863,17,2,UNKNOWN,0,0,0,0,0,0,0,NOT_APPLICABLE
-10481/8914,17,0,UNKNOWN,0,0,0,0,0,0,0,NOT_APPLICABLE
-10485/8323,17,0,UNKNOWN,0,0,0,0,0,0,0,NOT_APPLICABLE
-10565/5352,17,1,UNKNOWN,0,0,0,0,0,0,0,NOT_APPLICABLE
-1121/9525,17,0,UNKNOWN,0,0,0,0,0,0,0,NOT_APPLICABLE
-113593/59592,17,0,UNKNOWN,0,0,0,0,0,0,0,NOT_APPLICABLE
-11412/11111,17,0,UNKNOWN,0,0,0,0,0,0,0,NOT_APPLICABLE
-1193/1560,17,6,UNKNOWN,1,0,0,0,1,0,0,NOT_APPLICABLE
-12009/6278,17,1,UNKNOWN,0,0,0,0,0,0,0,NOT_APPLICABLE
-124285/64402,17,0,UNKNOWN,0,0,0,0,0,0,0,NOT_APPLICABLE
-1264/1047,17,6,UNKNOWN,0,0,0,0,0,0,0,NOT_APPLICABLE
-1291/11334,17,0,UNKNOWN,0,0,0,0,0,0,0,NOT_APPLICABLE
-1318/2675,17,3,UNKNOWN,2,1,0,0,2,0,0,NOT_APPLICABLE
-14057/6370,17,2,UNKNOWN,0,0,0,0,0,0,0,NOT_APPLICABLE
-14287/5405,17,0,UNKNOWN,0,0,0,0,0,0,0,NOT_APPLICABLE
-14466/15721,17,0,UNKNOWN,0,0,0,0,0,0,0,NOT_APPLICABLE
-14809/1336,17,0,UNKNOWN,0,0,0,0,0,0,0,NOT_APPLICABLE
-14817/4960,17,0,UNKNOWN,0,0,0,0,0,0,0,NOT_APPLICABLE
-15109/7728,17,1,UNKNOWN,0,0,0,0,0,0,0,NOT_APPLICABLE
-1513/3735,17,0,UNKNOWN,0,0,0,0,0,0,0,NOT_APPLICABLE
-15266/10685,17,0,UNKNOWN,0,0,0,0,0,0,0,NOT_APPLICABLE
-15472/8615,17,2,UNKNOWN,1,0,0,0,1,0,0,NOT_APPLICABLE
-1561/3133,17,0,UNKNOWN,0,0,0,0,0,0,0,NOT_APPLICABLE
-15937/10028,17,1,UNKNOWN,0,0,0,0,0,0,0,NOT_APPLICABLE
-1599/3584,17,0,UNKNOWN,0,0,0,0,0,0,0,NOT_APPLICABLE
-16246/13195,17,0,UNKNOWN,0,0,0,0,0,0,0,NOT_APPLICABLE
-168541/87360,17,0,UNKNOWN,0,0,0,0,0,0,0,NOT_APPLICABLE
-174459/92092,17,0,UNKNOWN,0,0,0,0,0,0,0,NOT_APPLICABLE
-182255/93054,17,0,UNKNOWN,0,0,0,0,0,0,0,NOT_APPLICABLE
-1853/270,17,0,UNKNOWN,0,0,0,0,0,0,0,NOT_APPLICABLE
-190909/99008,17,0,UNKNOWN,0,0,0,0,0,0,0,NOT_APPLICABLE
-1929/3242,17,0,UNKNOWN,0,0,0,0,0,0,0,NOT_APPLICABLE
-198633/101894,17,0,UNKNOWN,0,0,0,0,0,0,0,NOT_APPLICABLE
-2/377,17,8,UNKNOWN,6,6,0,0,6,20,0,6
-202703/106054,17,0,UNKNOWN,0,0,0,0,0,0,0,NOT_APPLICABLE
-2221/1361,17,0,UNKNOWN,0,0,0,0,0,0,0,NOT_APPLICABLE
-2300/843,17,7,UNKNOWN,3,2,0,0,3,1,0,6
-2416/9,17,4,UNKNOWN,2,1,0,0,2,0,0,NOT_APPLICABLE
-278/2615,17,0,UNKNOWN,0,0,0,0,0,0,0,NOT_APPLICABLE
-28367/15470,17,3,UNKNOWN,0,0,0,0,0,0,0,NOT_APPLICABLE
-288/65,17,7,UNKNOWN,4,0,0,0,4,4,0,6
-3/148,17,5,UNKNOWN,1,0,0,0,1,0,0,NOT_APPLICABLE
-308/251,17,9,UNKNOWN,3,0,0,0,3,1,0,6
-3086/3229,17,0,UNKNOWN,0,0,0,0,0,0,0,NOT_APPLICABLE
-3106/4753,17,0,UNKNOWN,1,0,0,0,1,0,0,NOT_APPLICABLE
-3115/2756,17,5,UNKNOWN,3,0,0,0,3,1,0,6
-3162/2135,17,0,UNKNOWN,0,0,0,0,0,0,0,NOT_APPLICABLE
-3359/9754,17,0,UNKNOWN,0,0,0,0,0,0,0,NOT_APPLICABLE
-3381/3083,17,0,UNKNOWN,0,0,0,0,0,0,0,NOT_APPLICABLE
-33841/18655,17,0,UNKNOWN,0,0,0,0,0,0,0,NOT_APPLICABLE
-339/7,17,3,UNKNOWN,0,0,0,0,0,0,0,NOT_APPLICABLE
-3459/2327,17,0,UNKNOWN,0,0,0,0,0,0,0,NOT_APPLICABLE
-3712/10017,17,0,UNKNOWN,0,0,0,0,0,0,0,NOT_APPLICABLE
-373/12028,17,0,UNKNOWN,0,0,0,0,0,0,0,NOT_APPLICABLE
-3871/1618,17,0,UNKNOWN,0,0,0,0,0,0,0,NOT_APPLICABLE
-3895/3749,17,6,UNKNOWN,0,0,0,0,0,0,0,NOT_APPLICABLE
-3958/1267,17,0,UNKNOWN,0,0,0,0,0,0,0,NOT_APPLICABLE
-4021/2640,17,0,UNKNOWN,0,0,0,0,0,0,0,NOT_APPLICABLE
-4035/1852,17,2,UNKNOWN,1,0,0,0,1,0,0,NOT_APPLICABLE
-4112/1937,17,8,UNKNOWN,4,2,1,1,3,4,0,6
-4113/7910,17,0,UNKNOWN,0,0,0,0,0,0,0,NOT_APPLICABLE
-41346/21827,17,0,UNKNOWN,0,0,0,0,0,0,0,NOT_APPLICABLE
-41757/22880,17,1,UNKNOWN,0,0,0,0,0,0,0,NOT_APPLICABLE
-4253/2347,17,2,UNKNOWN,0,0,0,0,0,0,0,NOT_APPLICABLE
-430/7371,17,2,UNKNOWN,1,0,0,0,1,0,0,NOT_APPLICABLE
-45321/23621,17,3,UNKNOWN,0,0,0,0,0,0,0,NOT_APPLICABLE
-4659/2815,17,0,UNKNOWN,0,0,0,0,0,0,0,NOT_APPLICABLE
-511/2711,17,1,UNKNOWN,0,0,0,0,0,0,0,NOT_APPLICABLE
-5195/5602,17,0,UNKNOWN,0,0,0,0,0,0,0,NOT_APPLICABLE
-5284/455,17,2,UNKNOWN,1,0,0,0,1,0,0,NOT_APPLICABLE
-5353/4106,17,0,UNKNOWN,0,0,0,0,0,0,0,NOT_APPLICABLE
-55104/28535,17,0,UNKNOWN,0,0,0,0,0,0,0,NOT_APPLICABLE
-560/1609,17,2,UNKNOWN,0,0,0,0,0,0,0,NOT_APPLICABLE
-5643/6760,17,0,UNKNOWN,1,0,0,0,1,0,0,NOT_APPLICABLE
-585/1223,17,2,UNKNOWN,0,0,0,0,0,0,0,NOT_APPLICABLE
-5877/1690,17,5,UNKNOWN,2,0,0,0,2,0,0,NOT_APPLICABLE
-601/1570,17,1,UNKNOWN,0,0,0,0,0,0,0,NOT_APPLICABLE
-636/3209,17,1,UNKNOWN,0,0,0,0,0,0,0,NOT_APPLICABLE
-639/2575,17,1,UNKNOWN,0,0,0,0,0,0,0,NOT_APPLICABLE
-63985/35256,17,1,UNKNOWN,0,0,0,0,0,0,0,NOT_APPLICABLE
-649/10913,17,0,UNKNOWN,0,0,0,0,0,0,0,NOT_APPLICABLE
-6726/2305,17,1,UNKNOWN,1,0,0,0,1,0,0,NOT_APPLICABLE
-695/97,17,7,UNKNOWN,1,0,0,0,1,0,0,NOT_APPLICABLE
-70/61,17,5,UNKNOWN,13,25,6,5,8,286,0,6
-70665/36751,17,2,UNKNOWN,1,0,0,0,1,0,0,NOT_APPLICABLE
-70688/36829,17,0,UNKNOWN,0,0,0,0,0,0,0,NOT_APPLICABLE
-73681/39130,17,0,UNKNOWN,0,0,0,0,0,0,0,NOT_APPLICABLE
-7540/2317,17,5,UNKNOWN,0,0,0,0,0,0,0,NOT_APPLICABLE
-75641/41314,17,0,UNKNOWN,0,0,0,0,0,0,0,NOT_APPLICABLE
-7634/2859,17,0,UNKNOWN,0,0,0,0,0,0,0,NOT_APPLICABLE
-7726/2611,17,1,UNKNOWN,1,0,0,0,1,0,0,NOT_APPLICABLE
-79649/42198,17,0,UNKNOWN,0,0,0,0,0,0,0,NOT_APPLICABLE
-8382/14489,17,0,UNKNOWN,0,0,0,0,0,0,0,NOT_APPLICABLE
-8387/1750,17,0,UNKNOWN,0,0,0,0,0,0,0,NOT_APPLICABLE
-841/8544,17,0,UNKNOWN,0,0,0,0,0,0,0,NOT_APPLICABLE
-848/9373,17,0,UNKNOWN,0,0,0,0,0,0,0,NOT_APPLICABLE
-8921/2715,17,0,UNKNOWN,0,0,0,0,0,0,0,NOT_APPLICABLE
-894/749,17,3,UNKNOWN,1,0,0,0,1,0,0,NOT_APPLICABLE
-903/470,17,6,UNKNOWN,0,0,0,0,0,0,0,NOT_APPLICABLE
-94057/48789,17,0,UNKNOWN,0,0,0,0,0,0,0,NOT_APPLICABLE
-94199/50700,17,0,UNKNOWN,0,0,0,0,0,0,0,NOT_APPLICABLE
-9529/5471,17,11,UNKNOWN,1,0,0,0,1,0,0,NOT_APPLICABLE
-9795/13063,17,1,UNKNOWN,0,0,0,0,0,0,0,NOT_APPLICABLE
10126/11795,17,0,UNKNOWN,0,0,0,0,0,0,0,NOT_APPLICABLE
10126/15275,17,0,UNKNOWN,0,0,0,0,0,0,0,NOT_APPLICABLE
1101/2566,17,1,UNKNOWN,0,0,0,0,0,0,0,NOT_APPLICABLE
11744/9849,17,0,UNKNOWN,0,0,0,0,0,0,0,NOT_APPLICABLE
11992/8347,17,0,UNKNOWN,0,0,0,0,0,0,0,NOT_APPLICABLE
1207/1194,17,2,UNKNOWN,0,0,0,0,0,0,0,NOT_APPLICABLE
1217/151,17,0,UNKNOWN,0,0,0,0,0,0,0,NOT_APPLICABLE
1229/894,17,6,UNKNOWN,2,1,1,1,1,0,0,NOT_APPLICABLE
12344/8655,17,0,UNKNOWN,0,0,0,0,0,0,0,NOT_APPLICABLE
1263/710,17,2,UNKNOWN,1,0,0,0,1,0,0,NOT_APPLICABLE
129/70,17,6,UNKNOWN,0,0,0,0,0,0,0,NOT_APPLICABLE
1348/1431,17,5,UNKNOWN,1,0,0,0,1,0,0,NOT_APPLICABLE
13591/9675,17,0,UNKNOWN,0,0,0,0,0,0,0,NOT_APPLICABLE
13833/10535,17,0,UNKNOWN,0,0,0,0,0,0,0,NOT_APPLICABLE
13969/15813,17,0,UNKNOWN,0,0,0,0,0,0,0,NOT_APPLICABLE
1452/7817,17,0,UNKNOWN,0,0,0,0,0,0,0,NOT_APPLICABLE
14771/6673,17,0,UNKNOWN,0,0,0,0,0,0,0,NOT_APPLICABLE
14981/15381,17,0,UNKNOWN,0,0,0,0,0,0,0,NOT_APPLICABLE
1501/732,17,3,UNKNOWN,1,0,0,0,1,0,0,NOT_APPLICABLE
1576/2331,17,0,UNKNOWN,0,0,0,0,0,0,0,NOT_APPLICABLE
15850/13287,17,0,UNKNOWN,0,0,0,0,0,0,0,NOT_APPLICABLE
1641/15448,17,0,UNKNOWN,0,0,0,0,0,0,0,NOT_APPLICABLE
1966/3615,17,0,UNKNOWN,0,0,0,0,0,0,0,NOT_APPLICABLE
2051/2045,17,1,UNKNOWN,0,0,0,0,0,0,0,NOT_APPLICABLE
2108/1939,17,0,UNKNOWN,0,0,0,0,0,0,0,NOT_APPLICABLE
2139/3865,17,1,UNKNOWN,0,0,0,0,0,0,0,NOT_APPLICABLE
2263/1084,17,0,UNKNOWN,0,0,0,0,0,0,0,NOT_APPLICABLE
2291/2392,17,6,UNKNOWN,0,0,0,0,0,0,0,NOT_APPLICABLE
2456/135,17,10,UNKNOWN,2,0,0,0,2,0,0,NOT_APPLICABLE
2762/3203,17,2,UNKNOWN,0,0,0,0,0,0,0,NOT_APPLICABLE
2798/7213,17,0,UNKNOWN,0,0,0,0,0,0,0,NOT_APPLICABLE
28/117,17,6,UNKNOWN,11,13,1,1,10,165,0,6
3/8,17,4,UNKNOWN,25,69,7,7,18,2300,0,6
3056/609,17,1,UNKNOWN,0,0,0,0,0,0,0,NOT_APPLICABLE
3243/1708,17,1,UNKNOWN,0,0,0,0,0,0,0,NOT_APPLICABLE
33/119,17,7,UNKNOWN,7,6,0,0,7,35,0,6
3419/3564,17,2,UNKNOWN,1,0,0,0,1,0,0,NOT_APPLICABLE
4120/14827,17,0,UNKNOWN,0,0,0,0,0,0,0,NOT_APPLICABLE
4197/4819,17,0,UNKNOWN,0,0,0,0,0,0,0,NOT_APPLICABLE
4250/9093,17,0,UNKNOWN,0,0,0,0,0,0,0,NOT_APPLICABLE
4251/1375,17,0,UNKNOWN,0,0,0,0,0,0,0,NOT_APPLICABLE
4298/8873,17,0,UNKNOWN,0,0,0,0,0,0,0,NOT_APPLICABLE
44/35,17,6,UNKNOWN,3,1,0,0,3,1,0,6
444/2623,17,0,UNKNOWN,0,0,0,0,0,0,0,NOT_APPLICABLE
461/4420,17,0,UNKNOWN,0,0,0,0,0,0,0,NOT_APPLICABLE
5653/7526,17,0,UNKNOWN,0,0,0,0,0,0,0,NOT_APPLICABLE
5735/11074,17,2,UNKNOWN,1,0,0,0,1,0,0,NOT_APPLICABLE
611/4020,17,0,UNKNOWN,0,0,0,0,0,0,0,NOT_APPLICABLE
6695/1353,17,0,UNKNOWN,0,0,0,0,0,0,0,NOT_APPLICABLE
7127/1266,17,2,UNKNOWN,0,0,0,0,0,0,0,NOT_APPLICABLE
754/3427,17,0,UNKNOWN,0,0,0,0,0,0,0,NOT_APPLICABLE
8/39,17,5,UNKNOWN,7,4,2,2,5,35,0,6
825/2224,17,2,UNKNOWN,0,0,0,0,0,0,0,NOT_APPLICABLE
85/2016,17,0,UNKNOWN,0,0,0,0,0,0,0,NOT_APPLICABLE
8524/2211,17,0,UNKNOWN,0,0,0,0,0,0,0,NOT_APPLICABLE
856/1327,17,0,UNKNOWN,0,0,0,0,0,0,0,NOT_APPLICABLE
8637/3040,17,2,UNKNOWN,1,0,0,0,1,0,0,NOT_APPLICABLE
9181/3402,17,0,UNKNOWN,0,0,0,0,0,0,0,NOT_APPLICABLE
9446/3605,17,0,UNKNOWN,0,0,0,0,0,0,0,NOT_APPLICABLE
9629/2857,17,0,UNKNOWN,0,0,0,0,0,0,0,NOT_APPLICABLE
9783/7559,17,0,UNKNOWN,0,0,0,0,0,0,0,NOT_APPLICABLE
