observation_id,phase,family,parameter,parameter_height,generic_subgroup_rank_exact,witness_subgroup_rank_exact,witness_quotient_rank_exact,full_curve_rank,cubic_Galois_group,height_limit,completed_initial_boxes,completed_adaptive_boxes
compact192_r17_results_v1.json:074d9-001,initial,074d9,-670/1129,1129,17,24,7,UNKNOWN,S3,125000,43,0
compact192_r17_results_v1.json:074d9-002,initial,074d9,-2336/731,2336,17,25,8,UNKNOWN,S3,125000,43,0
compact192_r17_results_v1.json:074d9-003,initial,074d9,-807/115,807,17,23,6,UNKNOWN,S3,125000,43,0
compact192_r17_results_v1.json:074d9-004,initial,074d9,1133/1165,1165,17,21,4,UNKNOWN,S3,125000,43,0
compact192_r17_results_v1.json:074d9-005,initial,074d9,-1773/136,1773,17,24,7,UNKNOWN,S3,125000,43,0
compact192_r17_results_v1.json:074d9-006,initial,074d9,1224/931,1224,17,22,5,UNKNOWN,S3,125000,43,0
compact192_r17_results_v1.json:074d9-007,initial,074d9,-297/335,335,17,22,5,UNKNOWN,S3,125000,43,0
compact192_r17_results_v1.json:074d9-008,initial,074d9,1019/3300,3300,17,18,1,UNKNOWN,S3,125000,43,0
compact192_r17_results_v1.json:074d9-009,initial,074d9,-578/3795,3795,17,19,2,UNKNOWN,S3,125000,43,0
compact192_r17_results_v1.json:074d9-010,initial,074d9,1811/3542,3542,17,17,0,UNKNOWN,S3,125000,43,0
compact192_r17_results_v1.json:074d9-011,initial,074d9,-2021/2823,2823,17,24,7,UNKNOWN,S3,125000,43,0
compact192_r17_results_v1.json:074d9-012,initial,074d9,-661/900,900,17,23,6,UNKNOWN,S3,125000,43,0
compact192_r17_results_v1.json:074d9-013,initial,074d9,-2789/1357,2789,17,22,5,UNKNOWN,S3,125000,43,0
compact192_r17_results_v1.json:074d9-014,initial,074d9,32/3951,3951,17,17,0,UNKNOWN,S3,125000,43,0
compact192_r17_results_v1.json:074d9-015,initial,074d9,-1173/3370,3370,17,18,1,UNKNOWN,S3,125000,43,0
compact192_r17_results_v1.json:074d9-016,initial,074d9,-1028/2399,2399,17,18,1,UNKNOWN,S3,125000,43,0
compact192_r17_results_v1.json:074d9-017,initial,074d9,905/3564,3564,17,17,0,UNKNOWN,S3,125000,43,0
compact192_r17_results_v1.json:074d9-018,initial,074d9,2824/885,2824,17,17,0,UNKNOWN,S3,125000,43,0
compact192_r17_results_v1.json:074d9-019,initial,074d9,-1223/3329,3329,17,21,4,UNKNOWN,S3,125000,43,0
compact192_r17_results_v1.json:074d9-020,initial,074d9,-661/194,661,17,21,4,UNKNOWN,S3,125000,43,0
compact192_r17_results_v1.json:074d9-021,initial,074d9,26/57,57,17,24,7,UNKNOWN,S3,125000,43,0
compact192_r17_results_v1.json:074d9-022,initial,074d9,-2324/2523,2523,17,18,1,UNKNOWN,S3,125000,43,0
compact192_r17_results_v1.json:074d9-023,initial,074d9,-3292/1837,3292,17,19,2,UNKNOWN,S3,125000,43,0
compact192_r17_results_v1.json:074d9-024,initial,074d9,173/429,429,17,21,4,UNKNOWN,S3,125000,43,0
compact192_r17_results_v1.json:074d9-025,initial,074d9,121/695,695,17,20,3,UNKNOWN,S3,125000,43,0
compact192_r17_results_v1.json:074d9-026,initial,074d9,4075/4018,4075,17,17,0,UNKNOWN,S3,125000,43,0
compact192_r17_results_v1.json:074d9-027,initial,074d9,-676/921,921,17,23,6,UNKNOWN,S3,125000,43,0
compact192_r17_results_v1.json:074d9-028,initial,074d9,1381/558,1381,17,22,5,UNKNOWN,S3,125000,43,0
compact192_r17_results_v1.json:074d9-029,initial,074d9,3013/980,3013,17,17,0,UNKNOWN,S3,125000,43,0
compact192_r17_results_v1.json:074d9-030,initial,074d9,-1449/1094,1449,17,24,7,UNKNOWN,S3,125000,43,0
compact192_r17_results_v1.json:074d9-031,initial,074d9,38/353,353,17,23,6,UNKNOWN,S3,125000,43,0
compact192_r17_results_v1.json:074d9-032,initial,074d9,-935/2279,2279,17,21,4,UNKNOWN,S3,125000,43,0
compact192_r17_results_v1.json:07ca9-001,initial,07ca9,760/211,760,17,26,9,UNKNOWN,S3,125000,43,0
compact192_r17_results_v1.json:07ca9-002,initial,07ca9,561/26,561,17,24,7,UNKNOWN,S3,125000,43,0
compact192_r17_results_v1.json:07ca9-003,initial,07ca9,422/879,879,17,24,7,UNKNOWN,S3,125000,43,0
compact192_r17_results_v1.json:07ca9-004,initial,07ca9,117/238,238,17,24,7,UNKNOWN,S3,125000,43,0
compact192_r17_results_v1.json:07ca9-005,initial,07ca9,869/2730,2730,17,24,7,UNKNOWN,S3,125000,43,0
compact192_r17_results_v1.json:07ca9-006,initial,07ca9,-575/1207,1207,17,26,9,UNKNOWN,S3,125000,43,0
compact192_r17_results_v1.json:07ca9-007,initial,07ca9,-1193/99,1193,17,25,8,UNKNOWN,S3,125000,43,0
compact192_r17_results_v1.json:07ca9-008,initial,07ca9,965/1196,1196,17,23,6,UNKNOWN,S3,125000,43,0
compact192_r17_results_v1.json:07ca9-009,initial,07ca9,-3693/1163,3693,17,18,1,UNKNOWN,S3,125000,43,0
compact192_r17_results_v1.json:07ca9-010,initial,07ca9,3160/287,3160,17,18,1,UNKNOWN,S3,125000,43,0
compact192_r17_results_v1.json:07ca9-011,initial,07ca9,3307/1128,3307,17,26,9,UNKNOWN,S3,125000,43,0
compact192_r17_results_v1.json:07ca9-012,initial,07ca9,-1620/3023,3023,17,19,2,UNKNOWN,S3,125000,43,0
compact192_r17_results_v1.json:07ca9-013,initial,07ca9,2393/1860,2393,17,25,8,UNKNOWN,S3,125000,43,0
compact192_r17_results_v1.json:07ca9-014,initial,07ca9,3775/2497,3775,17,18,1,UNKNOWN,S3,125000,43,0
compact192_r17_results_v1.json:07ca9-015,initial,07ca9,-1742/4013,4013,17,18,1,UNKNOWN,S3,125000,43,0
compact192_r17_results_v1.json:07ca9-016,initial,07ca9,3065/48,3065,17,20,3,UNKNOWN,S3,125000,43,0
compact192_r17_results_v1.json:07ca9-017,initial,07ca9,3435/3841,3841,17,17,0,UNKNOWN,S3,125000,43,0
compact192_r17_results_v1.json:07ca9-018,initial,07ca9,-2402/1309,2402,17,23,6,UNKNOWN,S3,125000,43,0
compact192_r17_results_v1.json:07ca9-019,initial,07ca9,1053/2968,2968,17,23,6,UNKNOWN,S3,125000,43,0
compact192_r17_results_v1.json:07ca9-020,initial,07ca9,3076/2339,3076,17,22,5,UNKNOWN,S3,125000,43,0
compact192_r17_results_v1.json:07ca9-021,initial,07ca9,2935/1939,2935,17,17,0,UNKNOWN,S3,125000,43,0
compact192_r17_results_v1.json:07ca9-022,initial,07ca9,197/116,197,17,23,6,UNKNOWN,S3,125000,43,0
compact192_r17_results_v1.json:07ca9-023,initial,07ca9,3/377,377,17,25,8,UNKNOWN,S3,125000,43,0
compact192_r17_results_v1.json:07ca9-024,initial,07ca9,1443/986,1443,17,22,5,UNKNOWN,S3,125000,43,0
compact192_r17_results_v1.json:07ca9-025,initial,07ca9,167/887,887,17,22,5,UNKNOWN,S3,125000,43,0
compact192_r17_results_v1.json:07ca9-026,initial,07ca9,-1982/1505,1982,17,18,1,UNKNOWN,S3,125000,43,0
compact192_r17_results_v1.json:07ca9-027,initial,07ca9,-455/2801,2801,17,18,1,UNKNOWN,S3,125000,43,0
compact192_r17_results_v1.json:07ca9-028,initial,07ca9,-1539/1700,1700,17,19,2,UNKNOWN,S3,125000,43,0
compact192_r17_results_v1.json:07ca9-029,initial,07ca9,956/2219,2219,17,18,1,UNKNOWN,S3,125000,43,0
compact192_r17_results_v1.json:07ca9-030,initial,07ca9,3172/245,3172,17,20,3,UNKNOWN,S3,125000,43,0
compact192_r17_results_v1.json:07ca9-031,initial,07ca9,79/964,964,17,18,1,UNKNOWN,S3,125000,43,0
compact192_r17_results_v1.json:07ca9-032,initial,07ca9,1572/785,1572,17,22,5,UNKNOWN,S3,125000,43,0
compact192_r17_results_v1.json:08234-001,initial,08234,-1383/595,1383,17,20,3,UNKNOWN,S3,125000,43,0
compact192_r17_results_v1.json:08234-002,initial,08234,-20/2827,2827,17,19,2,UNKNOWN,S3,125000,43,0
compact192_r17_results_v1.json:08234-003,initial,08234,326/5,326,17,24,7,UNKNOWN,S3,125000,43,0
compact192_r17_results_v1.json:08234-004,initial,08234,3305/3579,3579,17,17,0,UNKNOWN,S3,125000,43,0
compact192_r17_results_v1.json:08234-005,initial,08234,-1007/2292,2292,17,17,0,UNKNOWN,S3,125000,43,0
compact192_r17_results_v1.json:08234-006,initial,08234,-2641/3542,3542,17,17,0,UNKNOWN,S3,125000,43,0
compact192_r17_results_v1.json:08234-007,initial,08234,-2243/880,2243,17,18,1,UNKNOWN,S3,125000,43,0
compact192_r17_results_v1.json:08234-008,initial,08234,509/3808,3808,17,17,0,UNKNOWN,S3,125000,43,0
compact192_r17_results_v1.json:08234-009,initial,08234,774/149,774,17,25,8,UNKNOWN,S3,125000,43,0
compact192_r17_results_v1.json:08234-010,initial,08234,464/3753,3753,17,17,0,UNKNOWN,S3,125000,43,0
compact192_r17_results_v1.json:08234-011,initial,08234,-1247/4079,4079,17,17,0,UNKNOWN,S3,125000,43,0
compact192_r17_results_v1.json:08234-012,initial,08234,-1258/1679,1679,17,17,0,UNKNOWN,S3,125000,43,0
compact192_r17_results_v1.json:08234-013,initial,08234,-1569/1505,1569,17,17,0,UNKNOWN,S3,125000,43,0
compact192_r17_results_v1.json:08234-014,initial,08234,1807/245,1807,17,19,2,UNKNOWN,S3,125000,43,0
compact192_r17_results_v1.json:08234-015,initial,08234,-3301/1950,3301,17,17,0,UNKNOWN,S3,125000,43,0
compact192_r17_results_v1.json:08234-016,initial,08234,2683/3919,3919,17,17,0,UNKNOWN,S3,125000,43,0
compact192_r17_results_v1.json:08234-017,initial,08234,-4068/1435,4068,17,17,0,UNKNOWN,S3,125000,43,0
compact192_r17_results_v1.json:08234-018,initial,08234,-1501/1623,1623,17,17,0,UNKNOWN,S3,125000,43,0
compact192_r17_results_v1.json:08234-019,initial,08234,-208/1817,1817,17,20,3,UNKNOWN,S3,125000,43,0
compact192_r17_results_v1.json:08234-020,initial,08234,-2185/106,2185,17,22,5,UNKNOWN,S3,125000,43,0
compact192_r17_results_v1.json:08234-021,initial,08234,-3815/1356,3815,17,18,1,UNKNOWN,S3,125000,43,0
compact192_r17_results_v1.json:08234-022,initial,08234,-274/2833,2833,17,17,0,UNKNOWN,S3,125000,43,0
compact192_r17_results_v1.json:08234-023,initial,08234,3545/2676,3545,17,18,1,UNKNOWN,S3,125000,43,0
compact192_r17_results_v1.json:08234-024,initial,08234,541/3360,3360,17,17,0,UNKNOWN,S3,125000,43,0
compact192_r17_results_v1.json:08234-025,initial,08234,435/2477,2477,17,17,0,UNKNOWN,S3,125000,43,0
compact192_r17_results_v1.json:08234-026,initial,08234,-11/235,235,17,23,6,UNKNOWN,S3,125000,43,0
compact192_r17_results_v1.json:08234-027,initial,08234,2627/65,2627,17,22,5,UNKNOWN,S3,125000,43,0
compact192_r17_results_v1.json:08234-028,initial,08234,458/2195,2195,17,17,0,UNKNOWN,S3,125000,43,0
compact192_r17_results_v1.json:08234-029,initial,08234,-3809/1589,3809,17,17,0,UNKNOWN,S3,125000,43,0
compact192_r17_results_v1.json:08234-030,initial,08234,3217/3864,3864,17,18,1,UNKNOWN,S3,125000,43,0
compact192_r17_results_v1.json:08234-031,initial,08234,-833/3139,3139,17,18,1,UNKNOWN,S3,125000,43,0
compact192_r17_results_v1.json:08234-032,initial,08234,-46/4089,4089,17,17,0,UNKNOWN,S3,125000,43,0
compact192_r17_results_v1.json:08f72-001,initial,08f72,-3292/1853,3292,17,25,8,UNKNOWN,S3,125000,49,0
compact192_r17_results_v1.json:08f72-002,initial,08f72,2007/112,2007,17,23,6,UNKNOWN,S3,125000,49,0
compact192_r17_results_v1.json:08f72-003,initial,08f72,-2751/886,2751,17,24,7,UNKNOWN,S3,125000,49,0
compact192_r17_results_v1.json:08f72-004,initial,08f72,-2129/1207,2129,17,25,8,UNKNOWN,S3,125000,49,0
compact192_r17_results_v1.json:08f72-005,initial,08f72,-2799/491,2799,17,23,6,UNKNOWN,S3,125000,49,0
compact192_r17_results_v1.json:08f72-006,initial,08f72,107/603,603,17,24,7,UNKNOWN,S3,125000,49,0
compact192_r17_results_v1.json:08f72-007,initial,08f72,3802/3713,3802,17,18,1,UNKNOWN,S3,125000,49,0
compact192_r17_results_v1.json:08f72-008,initial,08f72,-2335/1986,2335,17,19,2,UNKNOWN,S3,125000,49,0
compact192_r17_results_v1.json:08f72-009,initial,08f72,1055/1833,1833,17,24,7,UNKNOWN,S3,125000,49,0
compact192_r17_results_v1.json:08f72-010,initial,08f72,4071/52,4071,17,25,8,UNKNOWN,S3,125000,49,0
compact192_r17_results_v1.json:08f72-011,initial,08f72,-3791/529,3791,17,25,8,UNKNOWN,S3,125000,49,0
compact192_r17_results_v1.json:08f72-012,initial,08f72,2401/2866,2866,17,17,0,UNKNOWN,S3,125000,49,0
compact192_r17_results_v1.json:08f72-013,initial,08f72,146/59,146,17,23,6,UNKNOWN,S3,125000,49,0
compact192_r17_results_v1.json:08f72-014,initial,08f72,-1205/3663,3663,17,19,2,UNKNOWN,S3,125000,49,0
compact192_r17_results_v1.json:08f72-015,initial,08f72,-2884/621,2884,17,23,6,UNKNOWN,S3,125000,49,0
compact192_r17_results_v1.json:08f72-016,initial,08f72,-2449/1927,2449,17,22,5,UNKNOWN,S3,125000,49,0
compact192_r17_results_v1.json:08f72-017,initial,08f72,-692/3645,3645,17,17,0,UNKNOWN,S3,125000,49,0
compact192_r17_results_v1.json:08f72-018,initial,08f72,-3941/146,3941,17,21,4,UNKNOWN,S3,125000,49,0
compact192_r17_results_v1.json:08f72-019,initial,08f72,-2336/3251,3251,17,18,1,UNKNOWN,S3,125000,49,0
compact192_r17_results_v1.json:08f72-020,initial,08f72,-1737/1790,1790,17,22,5,UNKNOWN,S3,125000,49,0
compact192_r17_results_v1.json:08f72-021,initial,08f72,-1264/2397,2397,17,18,1,UNKNOWN,S3,125000,49,0
compact192_r17_results_v1.json:08f72-022,initial,08f72,-2939/3121,3121,17,19,2,UNKNOWN,S3,125000,49,0
compact192_r17_results_v1.json:08f72-023,initial,08f72,1427/1684,1684,17,19,2,UNKNOWN,S3,125000,49,0
compact192_r17_results_v1.json:08f72-024,initial,08f72,3293/2326,3293,17,18,1,UNKNOWN,S3,125000,49,0
compact192_r17_results_v1.json:08f72-025,initial,08f72,2462/289,2462,17,20,3,UNKNOWN,S3,125000,49,0
compact192_r17_results_v1.json:08f72-026,initial,08f72,1308/277,1308,17,23,6,UNKNOWN,S3,125000,49,0
compact192_r17_results_v1.json:08f72-027,initial,08f72,-2267/1326,2267,17,21,4,UNKNOWN,S3,125000,49,0
compact192_r17_results_v1.json:08f72-028,initial,08f72,-2434/3359,3359,17,17,0,UNKNOWN,S3,125000,49,0
compact192_r17_results_v1.json:08f72-029,initial,08f72,281/3078,3078,17,21,4,UNKNOWN,S3,125000,49,0
compact192_r17_results_v1.json:08f72-030,initial,08f72,-543/229,543,17,24,7,UNKNOWN,S3,125000,49,0
compact192_r17_results_v1.json:08f72-031,initial,08f72,-517/543,543,17,24,7,UNKNOWN,S3,125000,49,0
compact192_r17_results_v1.json:08f72-032,initial,08f72,-2198/1425,2198,17,19,2,UNKNOWN,S3,125000,49,0
compact192_r17_results_v1.json:103b2-001,initial,103b2,-1616/419,1616,17,23,6,UNKNOWN,S3,125000,43,0
compact192_r17_results_v1.json:103b2-002,initial,103b2,3325/593,3325,17,20,3,UNKNOWN,S3,125000,43,0
compact192_r17_results_v1.json:103b2-003,initial,103b2,-2254/1257,2254,17,25,8,UNKNOWN,S3,125000,43,0
compact192_r17_results_v1.json:103b2-004,initial,103b2,-3939/2032,3939,17,22,5,UNKNOWN,S3,125000,43,0
compact192_r17_results_v1.json:103b2-005,initial,103b2,-1049/2296,2296,17,17,0,UNKNOWN,S3,125000,43,0
compact192_r17_results_v1.json:103b2-006,initial,103b2,1502/931,1502,17,21,4,UNKNOWN,S3,125000,43,0
compact192_r17_results_v1.json:103b2-007,initial,103b2,-4021/1422,4021,17,19,2,UNKNOWN,S3,125000,43,0
compact192_r17_results_v1.json:103b2-008,initial,103b2,2566/3809,3809,17,25,8,UNKNOWN,S3,125000,43,0
compact192_r17_results_v1.json:103b2-009,initial,103b2,420/2119,2119,17,20,3,UNKNOWN,S3,125000,43,0
compact192_r17_results_v1.json:103b2-010,initial,103b2,3466/307,3466,17,22,5,UNKNOWN,S3,125000,43,0
compact192_r17_results_v1.json:103b2-011,initial,103b2,-3017/954,3017,17,18,1,UNKNOWN,S3,125000,43,0
compact192_r17_results_v1.json:103b2-012,initial,103b2,1139/1293,1293,17,24,7,UNKNOWN,S3,125000,43,0
compact192_r17_results_v1.json:103b2-013,initial,103b2,41/38,41,17,23,6,UNKNOWN,S3,125000,43,0
compact192_r17_results_v1.json:103b2-014,initial,103b2,-1588/3431,3431,17,25,8,UNKNOWN,S3,125000,43,0
compact192_r17_results_v1.json:103b2-015,initial,103b2,2018/167,2018,17,21,4,UNKNOWN,S3,125000,43,0
compact192_r17_results_v1.json:103b2-016,initial,103b2,-1788/7,1788,17,23,6,UNKNOWN,S3,125000,43,0
compact192_r17_results_v1.json:103b2-017,initial,103b2,-778/259,778,17,24,7,UNKNOWN,S3,125000,43,0
compact192_r17_results_v1.json:103b2-018,initial,103b2,3010/3753,3753,17,17,0,UNKNOWN,S3,125000,43,0
compact192_r17_results_v1.json:103b2-019,initial,103b2,48/7,48,17,23,6,UNKNOWN,S3,125000,43,0
compact192_r17_results_v1.json:103b2-020,initial,103b2,2124/2429,2429,17,20,3,UNKNOWN,S3,125000,43,0
compact192_r17_results_v1.json:103b2-021,initial,103b2,-1105/3308,3308,17,17,0,UNKNOWN,S3,125000,43,0
compact192_r17_results_v1.json:103b2-022,initial,103b2,1413/448,1413,17,20,3,UNKNOWN,S3,125000,43,0
compact192_r17_results_v1.json:103b2-023,initial,103b2,513/2044,2044,17,18,1,UNKNOWN,S3,125000,43,0
compact192_r17_results_v1.json:103b2-024,initial,103b2,1986/1147,1986,17,22,5,UNKNOWN,S3,125000,43,0
compact192_r17_results_v1.json:103b2-025,initial,103b2,3371/300,3371,17,22,5,UNKNOWN,S3,125000,43,0
compact192_r17_results_v1.json:103b2-026,initial,103b2,1130/789,1130,17,24,7,UNKNOWN,S3,125000,43,0
compact192_r17_results_v1.json:103b2-027,initial,103b2,2390/1319,2390,17,23,6,UNKNOWN,S3,125000,43,0
compact192_r17_results_v1.json:103b2-028,initial,103b2,1505/2721,2721,17,17,0,UNKNOWN,S3,125000,43,0
compact192_r17_results_v1.json:103b2-029,initial,103b2,726/761,761,17,26,9,UNKNOWN,S3,125000,43,0
compact192_r17_results_v1.json:103b2-030,initial,103b2,-2101/756,2101,17,25,8,UNKNOWN,S3,125000,43,0
compact192_r17_results_v1.json:103b2-031,initial,103b2,-4047/3037,4047,17,17,0,UNKNOWN,S3,125000,43,0
compact192_r17_results_v1.json:103b2-032,initial,103b2,1055/1671,1671,17,18,1,UNKNOWN,S3,125000,43,0
compact192_r17_results_v1.json:11952-001,initial,11952,-3891/1396,3891,17,17,0,UNKNOWN,S3,125000,49,0
compact192_r17_results_v1.json:11952-002,initial,11952,402/517,517,17,22,5,UNKNOWN,S3,125000,49,0
compact192_r17_results_v1.json:11952-003,initial,11952,3148/2791,3148,17,25,8,UNKNOWN,S3,125000,49,0
compact192_r17_results_v1.json:11952-004,initial,11952,2872/2073,2872,17,20,3,UNKNOWN,S3,125000,49,0
compact192_r17_results_v1.json:11952-005,initial,11952,-3482/2395,3482,17,20,3,UNKNOWN,S3,125000,49,0
compact192_r17_results_v1.json:11952-006,initial,11952,-3814/2675,3814,17,24,7,UNKNOWN,S3,125000,49,0
compact192_r17_results_v1.json:11952-007,initial,11952,914/2111,2111,17,25,8,UNKNOWN,S3,125000,49,0
compact192_r17_results_v1.json:11952-008,initial,11952,3058/1387,3058,17,23,6,UNKNOWN,S3,125000,49,0
compact192_r17_results_v1.json:11952-009,initial,11952,3950/4007,4007,17,20,3,UNKNOWN,S3,125000,49,0
compact192_r17_results_v1.json:11952-010,initial,11952,-1826/2583,2583,17,26,9,UNKNOWN,S3,125000,49,0
compact192_r17_results_v1.json:11952-011,initial,11952,1972/1459,1972,17,22,5,UNKNOWN,S3,125000,49,0
compact192_r17_results_v1.json:11952-012,initial,11952,3063/824,3063,17,19,2,UNKNOWN,S3,125000,49,0
compact192_r17_results_v1.json:11952-013,initial,11952,2015/3019,3019,17,20,3,UNKNOWN,S3,125000,49,0
compact192_r17_results_v1.json:11952-014,initial,11952,420/2827,2827,17,22,5,UNKNOWN,S3,125000,49,0
compact192_r17_results_v1.json:11952-015,initial,11952,54/2153,2153,17,18,1,UNKNOWN,S3,125000,49,0
compact192_r17_results_v1.json:11952-016,initial,11952,775/803,803,17,24,7,UNKNOWN,S3,125000,49,0
compact192_r17_results_v1.json:11952-017,initial,11952,-1046/2299,2299,17,20,3,UNKNOWN,S3,125000,49,0
compact192_r17_results_v1.json:11952-018,initial,11952,2324/1991,2324,17,24,7,UNKNOWN,S3,125000,49,0
compact192_r17_results_v1.json:11952-019,initial,11952,-8/27,27,17,22,5,UNKNOWN,S3,125000,49,0
compact192_r17_results_v1.json:11952-020,initial,11952,-4055/2356,4055,17,18,1,UNKNOWN,S3,125000,49,0
compact192_r17_results_v1.json:11952-021,initial,11952,1490/943,1490,17,23,6,UNKNOWN,S3,125000,49,0
compact192_r17_results_v1.json:11952-022,initial,11952,-1055/1376,1376,17,20,3,UNKNOWN,S3,125000,49,0
compact192_r17_results_v1.json:11952-023,initial,11952,-1171/1683,1683,17,17,0,UNKNOWN,S3,125000,49,0
compact192_r17_results_v1.json:11952-024,initial,11952,2741/2074,2741,17,18,1,UNKNOWN,S3,125000,49,0
compact192_r17_results_v1.json:11952-025,initial,11952,1737/530,1737,17,22,5,UNKNOWN,S3,125000,49,0
compact192_r17_results_v1.json:11952-026,initial,11952,939/4016,4016,17,18,1,UNKNOWN,S3,125000,49,0
compact192_r17_results_v1.json:11952-027,initial,11952,-815/1919,1919,17,18,1,UNKNOWN,S3,125000,49,0
compact192_r17_results_v1.json:11952-028,initial,11952,-1919/3168,3168,17,18,1,UNKNOWN,S3,125000,49,0
compact192_r17_results_v1.json:11952-029,initial,11952,3170/1609,3170,17,20,3,UNKNOWN,S3,125000,49,0
compact192_r17_results_v1.json:11952-030,initial,11952,1551/1252,1551,17,24,7,UNKNOWN,S3,125000,49,0
compact192_r17_results_v1.json:11952-031,initial,11952,-1667/631,1667,17,20,3,UNKNOWN,S3,125000,49,0
compact192_r17_results_v1.json:11952-032,initial,11952,1292/601,1292,17,24,7,UNKNOWN,S3,125000,49,0
extended20_mw16_results_v1.json:a1-fibration-01-015,initial,a1-fibration-01,-557/3572,3572,16,26,10,UNKNOWN,S3,100000,43,0
extended20_mw16_results_v1.json:a1-fibration-01-052,initial,a1-fibration-01,-1867/270,1867,16,26,10,UNKNOWN,S3,100000,43,0
extended20_mw16_results_v1.json:a1-fibration-01-000,initial,a1-fibration-01,2407/532,2407,16,23,7,UNKNOWN,S3,100000,43,0
extended20_mw16_results_v1.json:a1-fibration-01-003,initial,a1-fibration-01,787/103,787,16,24,8,UNKNOWN,S3,100000,43,0
extended20_mw16_results_v1.json:a1-fibration-02-014,initial,a1-fibration-02,3161/432,3161,16,26,10,UNKNOWN,S3,100000,43,0
extended20_mw16_results_v1.json:a1-fibration-02-089,initial,a1-fibration-02,-1330/2323,2323,16,20,4,UNKNOWN,S3,100000,43,0
extended20_mw16_results_v1.json:a1-fibration-02-215,initial,a1-fibration-02,3853/666,3853,16,24,8,UNKNOWN,S3,100000,43,0
extended20_mw16_results_v1.json:a1-fibration-02-164,initial,a1-fibration-02,2675/728,2675,16,18,2,UNKNOWN,S3,100000,43,0
extended20_mw16_results_v1.json:a1-fibration-03-017,initial,a1-fibration-03,2555/33,2555,16,24,8,UNKNOWN,S3,100000,43,0
extended20_mw16_results_v1.json:a1-fibration-03-120,initial,a1-fibration-03,3877/95,3877,16,20,4,UNKNOWN,S3,100000,43,0
extended20_mw16_results_v1.json:a1-fibration-03-239,initial,a1-fibration-03,-2849/227,2849,16,18,2,UNKNOWN,S3,100000,43,0
extended20_mw16_results_v1.json:a1-fibration-03-178,initial,a1-fibration-03,1784/39,1784,16,24,8,UNKNOWN,S3,100000,43,0
extended20_mw16_results_v1.json:a1-fibration-04-000,initial,a1-fibration-04,-1905/52,1905,16,26,10,UNKNOWN,S3,100000,43,0
extended20_mw16_results_v1.json:a1-fibration-04-001,initial,a1-fibration-04,-1647/91,1647,16,25,9,UNKNOWN,S3,100000,43,0
extended20_mw16_results_v1.json:a1-fibration-04-024,initial,a1-fibration-04,-2138/473,2138,16,24,8,UNKNOWN,S3,100000,43,0
extended20_mw16_results_v1.json:a1-fibration-04-186,initial,a1-fibration-04,-1786/317,1786,16,24,8,UNKNOWN,S3,100000,43,0
extended20_mw16_results_v1.json:a1-fibration-05-000,initial,a1-fibration-05,-34/87,87,16,24,8,UNKNOWN,S3,100000,43,0
extended20_mw16_results_v1.json:a1-fibration-05-004,initial,a1-fibration-05,509/149,509,16,24,8,UNKNOWN,S3,100000,43,0
extended20_mw16_results_v1.json:a1-fibration-05-010,initial,a1-fibration-05,3/17,17,16,22,6,UNKNOWN,S3,100000,43,0
extended20_mw16_results_v1.json:a1-fibration-05-008,initial,a1-fibration-05,-227/647,647,16,24,8,UNKNOWN,S3,100000,43,0
new_mw16_followup_results_v1.json:a1-fibration-01-015,adaptive,a1-fibration-01,-557/3572,3572,16,26,10,UNKNOWN,S3,100000,43,301
new_mw16_followup_results_v1.json:a1-fibration-01-052,adaptive,a1-fibration-01,-1867/270,1867,16,27,11,UNKNOWN,S3,100000,43,301
new_mw16_followup_results_v1.json:a1-fibration-02-014,adaptive,a1-fibration-02,3161/432,3161,16,26,10,UNKNOWN,S3,100000,43,301
