rank	shell_id	eligible_id	ade	root_rank	mw_rank	root_count	root_det	d_f	d_o	mw_height	short_norm	section_p_o	fiber_twist	vertical_integral	support_fibres	support_components	vertical_l1	vertical_max	reflection_count	nearest_section_lifts	section_root_shift	section_nonzero_pairings	root_coefficients	reduced	v
1	520	517	A3+A2	5	12	18	12	2	0	7/2	4	0	2	1	2	6	6	1	11	2	1,1,0,1,1,1,1	R3:1;Theta0_2:1;Theta0_3:1	-1,-1,0,-1,-1,-1,-1	2,2,-603,-6486,34188,32124,-9225,-9293,636,7,-10538,12231,10552,-8151,-26955,14512,-20068,10070,18344	617,6644,-35025,-32914,9451,9520,-653,-9,10795,-12532,-10811,8351,27614,-14867,20559,-10317,-18794
2	526	523	A3+A2	5	12	18	12	2	0	7/2	4	0	2	1	2	6	6	1	11	2	1,1,0,1,1,1,1	R3:1;Theta0_2:1;Theta0_3:1	-1,-1,0,-1,-1,-1,-1	2,2,-802,-8634,45513,42768,-12280,-12372,847,12,-14027,16284,14048,-10851,-35882,19318,-26715,13406,24421	418,4496,-23700,-22270,6396,6441,-442,-4,7306,-8479,-7315,5651,18687,-10061,13912,-6981,-12717
3	558	555	A4+A1	5	12	22	10	2	0	109/30	6	1	1	1	1	2	2	1	10	60	0,0,0,1,0,1,0	O:1;R1:1;R3:1;R7:1	0,0,0,-1,0,-1,0	2,2,-701,-7551,39807,37407,-10740,-10821,742,11,-12268,14243,12287,-9491,-31383,16896,-23365,11726,21360	419,4494,-23687,-22258,6393,6438,-441,-4,7302,-8474,-7311,5648,18677,-10056,13905,-6977,-12710
4	648	645	A4+A1	5	12	22	10	2	0	109/30	6	1	1	1	1	2	2	1	10	60	0,0,0,1,0,1,0	O:1;R2:1;R3:1;R7:1	0,0,0,-1,0,-1,0	2,2,-643,-6929,36529,34324,-9858,-9929,681,8,-11258,13068,11273,-8710,-28798,15505,-21443,10760,19600	477,5116,-26965,-25341,7275,7330,-502,-7,8312,-9649,-8325,6429,21262,-11447,15827,-7943,-14470
5	1938	1935	A3+A2	5	12	18	12	2	0	47/10	6	1	1	1	1	2	2	1	8	10	1,1,0,0,0,0,0	O:1;R3:1;R5:1;Theta0_2:1	-1,-1,0,0,0,0,0	2,2,-891,-9589,50552,47502,-13640,-13741,941,13,-15580,18086,15603,-12052,-39854,21456,-29673,14890,27124	-94,-1003,5298,4977,-1431,-1440,100,1,-1632,1893,1634,-1264,-4175,2248,-3111,1561,2842
6	2004	2001	A3+A2	5	12	18	12	2	0	47/10	6	1	1	1	1	2	2	1	8	10	1,1,0,0,0,0,0	O:1;R3:1;R4:1;Theta0_2:1	-1,-1,0,0,0,0,0	2,2,-309,-3353,17667,16601,-4765,-4803,327,6,-5444,6323,5453,-4210,-13927,7497,-10369,5203,9479	488,5233,-27587,-25924,7444,7498,-514,-6,8504,-9870,-8516,6578,21752,-11711,16193,-8126,-14803
7	857	854	A3+A1+A1	5	12	16	16	2	0	121/30	6	1	1	1	1	3	3	1	11	30	0,0,0,1,0,1,1	O:1;R2:1;R3:1;R5:1	0,0,0,-1,0,-1,-1	2,2,-523,-5623,29642,27855,-7999,-8058,553,7,-9136,10605,9149,-7068,-23370,12583,-17400,8732,15906	597,6422,-33852,-31810,9134,9201,-630,-8,10434,-12112,-10449,8071,26690,-14369,19870,-9971,-18164
8	2317	2314	A2+A2+A1	5	12	14	18	2	0	29/6	6	1	1	1	1	4	4	1	10	6	0,0,0,1,1,1,1	O:1;R1:1;R3:1;Theta0_3:1	0,0,0,-1,-1,-1,-1	2,2,-544,-5867,30917,29052,-8339,-8405,573,10,-9528,11064,9544,-7369,-24374,13121,-18145,9106,16589	490,5256,-27719,-26047,7484,7533,-520,-3,8545,-9914,-8554,6612,21856,-11769,16274,-8166,-14874
9	2319	2316	A2+A2+A1	5	12	14	18	2	0	29/6	6	1	1	1	1	4	4	1	10	6	0,0,0,1,1,1,1	O:1;R1:1;R3:1;Theta0_3:1	0,0,0,-1,-1,-1,-1	2,2,-373,-4029,21233,19952,-5727,-5773,394,7,-6543,7598,6554,-5061,-16739,9011,-12462,6254,11393	661,7094,-37403,-35147,10096,10165,-699,-6,11530,-13380,-11544,8920,29491,-15879,21957,-11018,-20070
10	3220	3217	A2+A1+A1+A1	5	12	12	24	2	0	169/30	8	2	0	1	0	0	0	0	9	60	0,0,0,0,0,0,0	O:2;R1:1;R3:1;R7:1	0,0,0,0,0,0,0	2,2,-74,-789,4155,3905,-1120,-1129,76,2,-1281,1488,1284,-989,-3277,1763,-2438,1223,2229	623,6712,-35380,-33247,9546,9618,-659,-9,10904,-12659,-10920,8436,27893,-15018,20767,-10422,-18985
11	3221	3218	A2+A1+A1+A1	5	12	12	24	2	0	169/30	8	2	0	1	0	0	0	0	9	60	0,0,0,0,0,0,0	O:2;R1:1;R3:1;R7:1	0,0,0,0,0,0,0	2,2,-341,-3659,19284,18119,-5202,-5241,357,5,-5944,6900,5953,-4596,-15204,8184,-11318,5679,10346	356,3842,-20251,-19033,5464,5506,-378,-6,6241,-7247,-6251,4829,15966,-8597,11887,-5966,-10868
12	3222	3219	A2+A1+A1+A1	5	12	12	24	2	0	169/30	8	2	0	1	0	0	0	0	9	60	0,0,0,0,0,0,0	O:2;R2:1;R3:1;R6:1	0,0,0,0,0,0,0	2,2,-217,-2351,12386,11639,-3340,-3368,229,5,-3816,4433,3823,-2952,-9763,5256,-7269,3648,6646	480,5150,-27149,-25513,7326,7379,-506,-6,8369,-9714,-8381,6473,21407,-11525,15936,-7997,-14568
13	3224	3221	A2+A1+A1+A1	5	12	12	24	2	0	169/30	8	2	0	1	0	0	0	0	9	60	0,0,0,0,0,0,0	O:2;R1:1;R3:1;R7:1	0,0,0,0,0,0,0	2,2,-2,-22,108,103,-27,-30,0,2,-33,41,35,-24,-86,45,-62,31,58	695,7479,-39427,-37049,10639,10717,-735,-9,12152,-14106,-12169,9401,31084,-16736,23143,-11614,-21156
14	3227	3224	A2+A1+A1+A1	5	12	12	24	2	0	169/30	8	2	0	1	0	0	0	0	9	60	0,0,0,0,0,0,0	O:2;R1:1;R3:1;R7:1	0,0,0,0,0,0,0	2,2,-170,-1821,9600,9019,-2590,-2609,178,2,-2959,3434,2963,-2288,-7569,4074,-5635,2827,5150	527,5680,-29935,-28133,8076,8138,-557,-9,9226,-10713,-9241,7137,23601,-12707,17570,-8818,-16064
15	3234	3231	A2+A1+A1+A1	5	12	12	24	2	0	169/30	8	2	0	1	0	0	0	0	9	60	0,0,0,0,0,0,0	O:2;R2:1;R3:1;R6:1	0,0,0,0,0,0,0	2,2,-723,-7789,41068,38593,-11082,-11164,767,11,-12656,14693,12675,-9793,-32376,17432,-24107,12098,22037	-26,-288,1533,1441,-416,-417,32,0,-471,546,471,-368,-1206,651,-902,453,823
16	3240	3237	A2+A1+A1+A1	5	12	12	24	2	0	169/30	8	2	0	1	0	0	0	0	9	60	0,0,0,0,0,0,0	O:2;R2:1;R3:1;R7:1	0,0,0,0,0,0,0	2,2,-383,-4136,21795,20484,-5879,-5926,405,8,-6716,7801,6728,-5196,-17182,9251,-12792,6420,11696	314,3365,-17740,-16668,4787,4821,-330,-3,5469,-6346,-5476,4229,13988,-7530,10413,-5225,-9518
17	3245	3242	A2+A1+A1+A1	5	12	12	24	2	0	169/30	8	2	0	1	0	0	0	0	9	60	0,0,0,0,0,0,0	O:2;R1:1;R3:1;R7:1	0,0,0,0,0,0,0	2,2,-369,-3969,20925,19663,-5645,-5688,389,7,-6448,7487,6459,-4988,-16496,8880,-12282,6163,11227	328,3532,-18610,-17489,5021,5059,-346,-4,5737,-6660,-5745,4437,14674,-7901,10923,-5482,-9987
18	3262	3259	A2+A1+A1+A1	5	12	12	24	2	0	169/30	8	2	0	1	0	0	0	0	9	60	0,0,0,0,0,0,0	O:2;R1:1;R3:1;R7:1	0,0,0,0,0,0,0	2,2,-422,-4522,23834,22393,-6433,-6476,442,3,-7348,8526,7356,-5682,-18793,10117,-13991,7019,12787	275,2979,-15701,-14759,4233,4271,-293,-8,4837,-5621,-4848,3743,12377,-6664,9214,-4626,-8427
19	3279	3276	A2+A1+A1+A1	5	12	12	24	2	0	169/30	8	2	0	1	0	0	0	0	9	60	0,0,0,0,0,0,0	O:2;R1:1;R3:1;R6:1	0,0,0,0,0,0,0	2,2,-233,-2509,13219,12422,-3567,-3592,245,2,-4076,4731,4081,-3151,-10425,5612,-7759,3893,7093	464,4992,-26316,-24730,7099,7155,-490,-9,8109,-9416,-8123,6274,20745,-11169,15446,-7752,-14121
20	3282	3279	A2+A1+A1+A1	5	12	12	24	2	0	169/30	8	2	0	1	0	0	0	0	9	60	0,0,0,0,0,0,0	O:2;R1:1;R3:1;R6:1	0,0,0,0,0,0,0	2,2,-500,-5379,28348,26636,-7649,-7704,526,5,-8739,10143,8750,-6758,-22352,12033,-16639,8349,15210	197,2122,-11187,-10516,3017,3043,-209,-6,3446,-4004,-3454,2667,8818,-4748,6566,-3296,-6004
21	3285	3282	A2+A1+A1+A1	5	12	12	24	2	0	169/30	8	2	0	1	0	0	0	0	9	60	0,0,0,0,0,0,0	O:2;R1:1;R3:1;R7:1	0,0,0,0,0,0,0	2,2,-61,-655,3438,3229,-927,-933,61,-1,-1062,1232,1062,-818,-2714,1460,-2017,1011,1844	636,6846,-36097,-33923,9739,9814,-674,-12,11123,-12915,-11142,8607,28456,-15321,21188,-10634,-19370
22	3286	3283	A2+A1+A1+A1	5	12	12	24	2	0	169/30	8	2	0	1	0	0	0	0	9	60	0,0,0,0,0,0,0	O:2;R1:1;R3:1;R6:1	0,0,0,0,0,0,0	2,2,-94,-1018,5354,5028,-1443,-1454,96,1,-1651,1917,1653,-1274,-4222,2271,-3141,1575,2871	603,6483,-34181,-32124,9223,9293,-639,-10,10534,-12230,-10551,8151,26948,-14510,20064,-10070,-18343
23	3288	3285	A2+A1+A1+A1	5	12	12	24	2	0	169/30	8	2	0	1	0	0	0	0	9	60	0,0,0,0,0,0,0	O:2;R1:1;R3:1;R6:1	0,0,0,0,0,0,0	2,2,-600,-6456,34036,31982,-9185,-9250,634,7,-10491,12177,10505,-8115,-26835,14447,-19979,10025,18262	97,1045,-5499,-5170,1481,1497,-101,-4,1694,-1970,-1699,1310,4335,-2334,3226,-1620,-2952
24	3293	3290	A2+A1+A1+A1	5	12	12	24	2	0	169/30	8	2	0	1	0	0	0	0	9	60	0,0,0,0,0,0,0	O:2;R1:1;R3:1;R7:1	0,0,0,0,0,0,0	2,2,-161,-1732,9126,8575,-2463,-2479,169,1,-2814,3266,2817,-2175,-7197,3874,-5357,2687,4896	536,5769,-30409,-28577,8203,8268,-566,-10,9371,-10881,-9387,7250,23973,-12907,17848,-8958,-16318
25	3294	3291	A2+A1+A1+A1	5	12	12	24	2	0	169/30	8	2	0	1	0	0	0	0	9	60	0,0,0,0,0,0,0	O:2;R1:1;R3:1;R7:1	0,0,0,0,0,0,0	2,2,-260,-2803,14763,13873,-3982,-4012,272,4,-4551,5285,4558,-3518,-11641,6266,-8664,4347,7921	437,4698,-24772,-23279,6684,6735,-463,-7,7634,-8862,-7646,5907,19529,-10515,14541,-7298,-13293
26	3295	3292	A2+A1+A1+A1	5	12	12	24	2	0	169/30	8	2	0	1	0	0	0	0	9	60	0,0,0,0,0,0,0	O:2;R1:1;R3:1;R7:1	0,0,0,0,0,0,0	2,2,-428,-4602,24255,22789,-6545,-6591,450,4,-7477,8678,7486,-5782,-19124,10295,-14237,7143,13013	269,2899,-15280,-14363,4121,4156,-285,-7,4708,-5469,-4718,3643,12046,-6486,8968,-4502,-8201
27	3296	3293	A2+A1+A1+A1	5	12	12	24	2	0	169/30	8	2	0	1	0	0	0	0	9	60	0,0,0,0,0,0,0	O:2;R1:1;R3:1;R7:1	0,0,0,0,0,0,0	2,2,-356,-3835,20208,18987,-5452,-5492,374,4,-6229,7231,6237,-4817,-15933,8577,-11861,5951,10842	341,3666,-19327,-18165,5214,5255,-361,-7,5956,-6916,-5967,4608,15237,-8204,11344,-5694,-10372
28	3308	3305	A2+A1+A1+A1	5	12	12	24	2	0	169/30	8	2	0	1	0	0	0	0	9	60	0,0,0,0,0,0,0	O:2;R2:1;R3:1;R6:1	0,0,0,0,0,0,0	2,2,-278,-2994,15780,14828,-4257,-4290,293,5,-4863,5646,4871,-3761,-12440,6697,-9262,4648,8467	419,4507,-23755,-22324,6409,6457,-442,-6,7322,-8501,-7333,5664,18730,-10084,13943,-6997,-12747
29	3311	3308	A2+A1+A1+A1	5	12	12	24	2	0	169/30	8	2	0	1	0	0	0	0	9	60	0,0,0,0,0,0,0	O:2;R2:1;R3:1;R7:1	0,0,0,0,0,0,0	2,2,-612,-6578,34681,32589,-9359,-9427,647,8,-10689,12407,10704,-8269,-27342,14721,-20358,10216,18609	85,923,-4854,-4563,1307,1320,-88,-3,1496,-1740,-1500,1156,3828,-2060,2847,-1429,-2605
30	3312	3309	A2+A1+A1+A1	5	12	12	24	2	0	169/30	8	2	0	1	0	0	0	0	9	60	0,0,0,0,0,0,0	O:2;R2:1;R3:1;R7:1	0,0,0,0,0,0,0	2,2,-711,-7649,40318,37887,-10878,-10960,750,11,-12426,14426,12445,-9612,-31786,17113,-23665,11876,21634	-14,-148,783,735,-212,-213,15,0,-241,279,241,-187,-616,332,-460,231,420
31	3318	3315	A2+A1+A1+A1	5	12	12	24	2	0	169/30	8	2	0	1	0	0	0	0	9	60	0,0,0,0,0,0,0	O:2;R2:1;R3:1;R7:1	0,0,0,0,0,0,0	2,2,-305,-3288,17324,16279,-4672,-4710,320,7,-5338,6200,5348,-4128,-13656,7351,-10167,5102,9295	392,4213,-22211,-20873,5994,6037,-415,-4,6847,-7947,-6856,5297,17514,-9430,13038,-6543,-11919
32	3321	3318	A2+A1+A1+A1	5	12	12	24	2	0	169/30	8	2	0	1	0	0	0	0	9	60	0,0,0,0,0,0,0	O:2;R1:1;R3:1;R6:1	0,0,0,0,0,0,0	2,2,-328,-3536,18631,17509,-5026,-5065,346,5,-5743,6668,5752,-4441,-14690,7909,-10935,5488,9998	369,3965,-20904,-19643,5640,5682,-389,-6,6442,-7479,-6452,4984,16480,-8872,12270,-6157,-11216
33	3323	3320	A2+A1+A1+A1	5	12	12	24	2	0	169/30	8	2	0	1	0	0	0	0	9	60	0,0,0,0,0,0,0	O:2;R1:1;R3:1;R6:1	0,0,0,0,0,0,0	2,2,-256,-2769,14584,13707,-3933,-3966,270,5,-4495,5221,4503,-3476,-11499,6191,-8559,4296,7827	441,4732,-24951,-23445,6733,6781,-465,-6,7690,-8926,-7701,5949,19671,-10590,14646,-7349,-13387
34	3337	3334	A2+A1+A1+A1	5	12	12	24	2	0	169/30	8	2	0	1	0	0	0	0	9	60	0,0,0,0,0,0,0	O:2;R1:1;R3:1;R6:1	0,0,0,0,0,0,0	2,2,-356,-3846,20272,19053,-5469,-5512,378,7,-6247,7255,6258,-4833,-15982,8605,-11899,5972,10879	341,3655,-19263,-18099,5197,5235,-357,-4,5938,-6892,-5946,4592,15188,-8176,11306,-5673,-10335
35	3341	3338	A2+A1+A1+A1	5	12	12	24	2	0	169/30	8	2	0	1	0	0	0	0	9	60	0,0,0,0,0,0,0	O:2;R1:1;R3:1;R7:1	0,0,0,0,0,0,0	2,2,-184,-1992,10491,9860,-2829,-2853,194,4,-3233,3756,3239,-2500,-8271,4453,-6157,3090,5630	513,5509,-29044,-27292,7837,7894,-541,-7,8952,-10391,-8965,6925,22899,-12328,17048,-8555,-15584
36	3342	3339	A2+A1+A1+A1	5	12	12	24	2	0	169/30	8	2	0	1	0	0	0	0	9	60	0,0,0,0,0,0,0	O:2;R1:1;R3:1;R7:1	0,0,0,0,0,0,0	2,2,-283,-3063,16128,15158,-4348,-4386,297,7,-4970,5775,4980,-3843,-12715,6845,-9464,4750,8655	414,4438,-23407,-21994,6318,6361,-438,-4,7215,-8372,-7224,5582,18455,-9936,13741,-6895,-12559
37	3343	3340	A2+A1+A1+A1	5	12	12	24	2	0	169/30	8	2	0	1	0	0	0	0	9	60	0,0,0,0,0,0,0	O:2;R1:1;R3:1;R6:1	0,0,0,0,0,0,0	2,2,-217,-2355,12407,11659,-3345,-3374,229,6,-3822,4441,3830,-2956,-9779,5264,-7281,3654,6657	480,5146,-27128,-25493,7321,7373,-506,-5,8363,-9706,-8374,6469,21391,-11517,15924,-7991,-14557
38	3347	3344	A2+A1+A1+A1	5	12	12	24	2	0	169/30	8	2	0	1	0	0	0	0	9	60	0,0,0,0,0,0,0	O:2;R2:1;R3:1;R6:1	0,0,0,0,0,0,0	2,2,-383,-4145,21838,20522,-5888,-5938,404,9,-6729,7817,6742,-5204,-17215,9267,-12815,6432,11718	314,3356,-17697,-16630,4778,4809,-331,-2,5456,-6330,-5462,4221,13955,-7514,10390,-5213,-9496
39	3350	3347	A2+A1+A1+A1	5	12	12	24	2	0	169/30	8	2	0	1	0	0	0	0	9	60	0,0,0,0,0,0,0	O:2;R2:1;R3:1;R7:1	0,0,0,0,0,0,0	2,2,56,579,-3072,-2885,834,833,-61,3,948,-1094,-946,736,2423,-1306,1807,-906,-1648	753,8080,-42607,-40037,11500,11580,-796,-8,13133,-15241,-13150,10161,33593,-18087,25012,-12551,-22862
40	3354	3351	A2+A1+A1+A1	5	12	12	24	2	0	169/30	8	2	0	1	0	0	0	0	9	60	0,0,0,0,0,0,0	O:2;R2:1;R3:1;R7:1	0,0,0,0,0,0,0	2,2,-450,-4859,25610,24069,-6908,-6963,477,9,-7892,9166,7906,-6105,-20190,10870,-15031,7544,13743	247,2642,-13925,-13083,3758,3784,-258,-2,4293,-4981,-4298,3320,10980,-5911,8174,-4101,-7471
41	3355	3352	A2+A1+A1+A1	5	12	12	24	2	0	169/30	8	2	0	1	0	0	0	0	9	60	0,0,0,0,0,0,0	O:2;R2:1;R3:1;R6:1	0,0,0,0,0,0,0	2,2,-483,-5222,27526,25868,-7424,-7484,512,11,-8481,9851,8497,-6561,-21698,11681,-16155,8108,14770	214,2279,-12009,-11284,3242,3263,-223,0,3704,-4296,-3707,2864,9472,-5100,7050,-3537,-6444
42	3356	3353	A2+A1+A1+A1	5	12	12	24	2	0	169/30	8	2	0	1	0	0	0	0	9	60	0,0,0,0,0,0,0	O:2;R2:1;R3:1;R6:1	0,0,0,0,0,0,0	2,2,-411,-4455,23479,22066,-6331,-6385,436,11,-7233,8404,7248,-5596,-18507,9963,-13779,6916,12599	286,3046,-16056,-15086,4335,4362,-299,0,4952,-5743,-4956,3829,12663,-6818,9426,-4729,-8615
43	3358	3355	A2+A1+A1+A1	5	12	12	24	2	0	169/30	8	2	0	1	0	0	0	0	9	60	0,0,0,0,0,0,0	O:2;R2:1;R3:1;R7:1	0,0,0,0,0,0,0	2,2,-44,-498,2616,2461,-702,-713,47,5,-804,940,809,-621,-2060,1108,-1533,770,1404	653,7003,-36919,-34691,9964,10034,-688,-6,11381,-13207,-11395,8804,29110,-15673,21672,-10875,-19810
44	3359	3356	A2+A1+A1+A1	5	12	12	24	2	0	169/30	8	2	0	1	0	0	0	0	9	60	0,0,0,0,0,0,0	O:2;R2:1;R3:1;R7:1	0,0,0,0,0,0,0	2,2,-143,-1569,8253,7759,-2221,-2246,150,8,-2541,2959,2550,-1964,-6504,3500,-4840,2430,4429	554,5932,-31282,-29393,8445,8501,-585,-3,9644,-11188,-9654,7461,24666,-13281,18365,-9215,-16785
45	3372	3369	A2+A1+A1+A1	5	12	12	24	2	0	169/30	8	2	0	1	0	0	0	0	9	60	0,0,0,0,0,0,0	O:2;R2:1;R3:1;R6:1	0,0,0,0,0,0,0	2,2,-536,-5775,30435,28598,-8212,-8272,565,7,-9381,10890,9394,-7255,-23995,12918,-17864,8964,16330	161,1726,-9100,-8554,2454,2475,-170,-4,2804,-3257,-2810,2170,7175,-3863,5341,-2681,-4884
46	3375	3372	A2+A1+A1+A1	5	12	12	24	2	0	169/30	8	2	0	1	0	0	0	0	9	60	0,0,0,0,0,0,0	O:2;R2:1;R3:1;R6:1	0,0,0,0,0,0,0	2,2,-365,-3937,20751,19498,-5600,-5640,386,4,-6396,7424,6404,-4947,-16360,8808,-12181,6112,11134	332,3564,-18784,-17654,5066,5107,-349,-7,5789,-6723,-5800,4478,14810,-7973,11024,-5533,-10080
47	3382	3379	A2+A1+A1+A1	5	12	12	24	2	0	169/30	8	2	0	1	0	0	0	0	9	60	0,0,0,0,0,0,0	O:2;R2:1;R3:1;R7:1	0,0,0,0,0,0,0	2,2,-25,-284,1478,1389,-397,-402,24,1,-456,532,457,-350,-1166,627,-866,434,793	672,7217,-38057,-35763,10269,10345,-711,-10,11729,-13615,-11747,9075,30004,-16154,22339,-11211,-20421
48	3384	3381	A2+A1+A1+A1	5	12	12	24	2	0	169/30	8	2	0	1	0	0	0	0	9	60	0,0,0,0,0,0,0	O:2;R2:1;R3:1;R6:1	0,0,0,0,0,0,0	2,2,-58,-647,3394,3188,-913,-923,59,3,-1045,1217,1048,-806,-2674,1438,-1990,998,1820	639,6854,-36141,-33964,9753,9824,-676,-8,11140,-12930,-11156,8619,28496,-15343,21215,-10647,-19394
49	3385	3382	A2+A1+A1+A1	5	12	12	24	2	0	169/30	8	2	0	1	0	0	0	0	9	60	0,0,0,0,0,0,0	O:2;R2:1;R3:1;R7:1	0,0,0,0,0,0,0	2,2,-292,-3154,16607,15603,-4479,-4514,305,4,-5119,5944,5126,-3957,-13093,7048,-9746,4890,8910	405,4347,-22928,-21549,6187,6233,-430,-7,7066,-8203,-7078,5468,18077,-9733,13459,-6755,-12304
50	3389	3386	A2+A1+A1+A1	5	12	12	24	2	0	169/30	8	2	0	1	0	0	0	0	9	60	0,0,0,0,0,0,0	O:2;R2:1;R3:1;R6:1	0,0,0,0,0,0,0	2,2,-564,-6085,32076,30142,-8655,-8719,597,9,-9885,11477,9900,-7647,-25287,13614,-18828,9448,17211	133,1416,-7459,-7010,2011,2028,-138,-2,2300,-2670,-2304,1778,5883,-3167,4377,-2197,-4003
51	3390	3387	A2+A1+A1+A1	5	12	12	24	2	0	169/30	8	2	0	1	0	0	0	0	9	60	0,0,0,0,0,0,0	O:2;R2:1;R3:1;R7:1	0,0,0,0,0,0,0	2,2,-798,-8592,45289,42557,-12221,-12310,843,10,-13959,16204,13978,-10798,-35706,19224,-26584,13340,24301	-101,-1091,5754,5405,-1555,-1563,108,-1,-1774,2057,1774,-1373,-4536,2443,-3379,1695,3087
52	3391	3388	A2+A1+A1+A1	5	12	12	24	2	0	169/30	8	2	0	1	0	0	0	0	9	60	0,0,0,0,0,0,0	O:2;R2:1;R3:1;R6:1	0,0,0,0,0,0,0	2,2,-831,-8955,47205,44356,-12737,-12831,878,12,-14548,16889,14569,-11254,-37214,20035,-27708,13904,25328	-134,-1454,7670,7204,-2071,-2084,143,1,-2363,2742,2365,-1829,-6044,3254,-4503,2259,4114
53	3396	3393	A2+A1+A1+A1	5	12	12	24	2	0	169/30	8	2	0	1	0	0	0	0	9	60	0,0,0,0,0,0,0	O:2;R2:1;R3:1;R7:1	0,0,0,0,0,0,0	2,2,-491,-5302,27932,26247,-7534,-7593,516,9,-8608,9997,8622,-6657,-22020,11854,-16393,8226,14987	206,2199,-11603,-10905,3132,3154,-219,-2,3577,-4150,-3582,2768,9150,-4927,6812,-3419,-6227
54	3427	3424	A2+A1+A1+A1	5	12	12	24	2	0	169/30	8	2	0	1	0	0	0	0	9	60	0,0,0,0,0,0,0	O:2;R1:1;R3:1;R6:1	0,0,0,0,0,0,0	2,2,-403,-4369,23015,21627,-6207,-6257,425,8,-7092,8238,7104,-5485,-18143,9767,-13507,6778,12349	294,3132,-16520,-15525,4459,4490,-310,-3,5093,-5909,-5100,3940,13027,-7014,9698,-4867,-8865
55	3428	3425	A2+A1+A1+A1	5	12	12	24	2	0	169/30	8	2	0	1	0	0	0	0	9	60	0,0,0,0,0,0,0	O:2;R2:1;R3:1;R6:1	0,0,0,0,0,0,0	2,2,-203,-2218,11680,10978,-3149,-3176,216,5,-3599,4183,3606,-2783,-9208,4957,-6854,3440,6268	494,5283,-27855,-26174,7517,7571,-519,-6,8586,-9964,-8598,6642,21962,-11824,16351,-8205,-14946
56	3433	3430	A2+A1+A1+A1	5	12	12	24	2	0	169/30	8	2	0	1	0	0	0	0	9	60	0,0,0,0,0,0,0	O:2;R2:1;R3:1;R7:1	0,0,0,0,0,0,0	2,2,-230,-2512,13224,12429,-3564,-3596,243,7,-4074,4737,4083,-3150,-10424,5611,-7759,3894,7096	467,4989,-26311,-24723,7102,7151,-492,-4,8111,-9410,-8121,6275,20746,-11170,15446,-7751,-14118
57	3440	3437	A2+A1+A1+A1	5	12	12	24	2	0	169/30	8	2	0	1	0	0	0	0	9	60	0,0,0,0,0,0,0	O:2;R1:1;R3:1;R7:1	0,0,0,0,0,0,0	2,2,-197,-2131,11216,10536,-3025,-3047,204,2,-3458,4015,3462,-2671,-8844,4759,-6582,3301,6016	500,5370,-28319,-26616,7641,7700,-531,-9,8727,-10132,-8742,6754,22326,-12022,16623,-8344,-15198
58	3445	3442	A2+A1+A1+A1	5	12	12	24	2	0	169/30	8	2	0	1	0	0	0	0	9	60	0,0,0,0,0,0,0	O:2;R1:1;R3:1;R6:1	0,0,0,0,0,0,0	2,2,-464,-5012,26409,24816,-7124,-7179,489,8,-8139,9451,8152,-6294,-20820,11208,-15500,7778,14170	233,2489,-13126,-12336,3542,3568,-246,-3,4046,-4696,-4052,3131,10350,-5573,7705,-3867,-7044
59	3448	3445	A2+A1+A1+A1	5	12	12	24	2	0	169/30	8	2	0	1	0	0	0	0	9	60	0,0,0,0,0,0,0	O:2;R1:1;R3:1;R7:1	0,0,0,0,0,0,0	2,2,-292,-3158,16628,15623,-4484,-4520,305,5,-5125,5952,5133,-3961,-13109,7056,-9758,4896,8921	405,4343,-22907,-21529,6182,6227,-430,-6,7060,-8195,-7071,5464,18061,-9725,13447,-6749,-12293
60	3450	3447	A2+A1+A1+A1	5	12	12	24	2	0	169/30	8	2	0	1	0	0	0	0	9	60	0,0,0,0,0,0,0	O:2;R2:1;R3:1;R7:1	0,0,0,0,0,0,0	2,2,-486,-5258,27700,26030,-7470,-7531,512,10,-8536,9915,8551,-6601,-21837,11755,-16256,8158,14863	211,2243,-11835,-11122,3196,3216,-223,-1,3649,-4232,-3653,2824,9333,-5026,6949,-3487,-6351
61	3453	3450	A2+A1+A1+A1	5	12	12	24	2	0	169/30	8	2	0	1	0	0	0	0	9	60	0,0,0,0,0,0,0	O:2;R2:1;R3:1;R7:1	0,0,0,0,0,0,0	2,2,-80,-897,4706,4422,-1264,-1281,82,6,-1448,1689,1454,-1117,-3707,1993,-2758,1384,2524	617,6604,-34829,-32730,9402,9466,-653,-5,10737,-12458,-10750,8308,27463,-14788,20447,-10261,-18690
62	3463	3460	A2+A1+A1+A1	5	12	12	24	2	0	169/30	8	2	0	1	0	0	0	0	9	60	0,0,0,0,0,0,0	O:2;R1:1;R3:1;R6:1	0,0,0,0,0,0,0	2,2,-551,-5955,31380,29486,-8467,-8529,582,7,-9672,11229,9685,-7480,-24740,13319,-18419,9242,16837	146,1546,-8155,-7666,2199,2218,-153,-4,2513,-2918,-2519,1945,6430,-3462,4786,-2403,-4377
63	3793	3790	A3+A1+A1	5	12	16	16	2	0	181/30	8	2	0	1	0	0	0	0	7	30	0,0,0,0,0,0,0	O:2;R1:1;R3:1;R5:1	0,0,0,0,0,0,0	2,2,-40,-426,2239,2106,-604,-608,41,0,-692,803,693,-533,-1769,952,-1314,659,1202	571,6153,-32438,-30480,8752,8818,-604,-9,9996,-11605,-10011,7734,25571,-13767,19040,-9555,-17405
64	3816	3813	A3+A1+A1	5	12	16	16	2	0	181/30	8	2	0	1	0	0	0	0	7	30	0,0,0,0,0,0,0	O:2;R1:1;R3:1;R5:1	0,0,0,0,0,0,0	2,2,171,1832,-9673,-9090,2613,2629,-184,-1,2981,-3458,-2984,2309,7625,-4107,5680,-2851,-5191	782,8411,-44350,-41676,11969,12055,-829,-10,13669,-15866,-13688,10576,34965,-18826,26034,-13065,-23798
65	3833	3830	A3+A1+A1	5	12	16	16	2	0	181/30	8	2	0	1	0	0	0	0	7	30	0,0,0,0,0,0,0	O:2;R1:1;R3:1;R5:1	0,0,0,0,0,0,0	2,2,-407,-4373,23056,21666,-6222,-6266,430,5,-7107,8249,7117,-5497,-18179,9787,-13534,6791,12371	204,2206,-11621,-10920,3134,3160,-215,-4,3581,-4159,-3587,2770,9161,-4932,6820,-3423,-6236
66	3839	3836	A3+A1+A1	5	12	16	16	2	0	181/30	8	2	0	1	0	0	0	0	7	30	0,0,0,0,0,0,0	O:2;R1:1;R3:1;R4:1	0,0,0,0,0,0,0	2,2,-255,-2754,14523,13649,-3920,-3948,273,3,-4476,5196,4482,-3464,-11450,6166,-8526,4279,7794	356,3825,-20154,-18937,5436,5478,-372,-6,6212,-7212,-6222,4803,15890,-8553,11828,-5935,-10813
67	3840	3837	A3+A1+A1	5	12	16	16	2	0	181/30	8	2	0	1	0	0	0	0	7	30	0,0,0,0,0,0,0	O:2;R1:1;R3:1;R5:1	0,0,0,0,0,0,0	2,2,-434,-4677,24646,23162,-6648,-6700,457,8,-7596,8821,7609,-5875,-19432,10461,-14465,7259,13225	177,1902,-10031,-9424,2708,2726,-188,-1,3092,-3587,-3095,2392,7908,-4258,5889,-2955,-5382
68	3851	3848	A3+A1+A1	5	12	16	16	2	0	181/30	8	2	0	1	0	0	0	0	7	30	0,0,0,0,0,0,0	O:2;R1:1;R3:1;R5:1	0,0,0,0,0,0,0	2,2,-196,-2115,11144,10470,-3005,-3029,205,4,-3434,3988,3440,-2655,-8785,4728,-6540,3281,5978	415,4464,-23533,-22116,6351,6397,-440,-5,7254,-8420,-7264,5612,18555,-9991,13814,-6933,-12629
69	3856	3853	A3+A1+A1	5	12	16	16	2	0	181/30	8	2	0	1	0	0	0	0	7	30	0,0,0,0,0,0,0	O:2;R2:1;R3:1;R4:1	0,0,0,0,0,0,0	2,2,-15,-183,960,904,-257,-262,18,2,-295,346,297,-228,-756,407,-562,283,516	596,6396,-33717,-31682,9099,9164,-627,-7,10393,-12062,-10407,8039,26584,-14312,19792,-9931,-18091
70	3868	3865	A3+A1+A1	5	12	16	16	2	0	181/30	8	2	0	1	0	0	0	0	7	30	0,0,0,0,0,0,0	O:2;R2:1;R3:1;R4:1	0,0,0,0,0,0,0	2,2,-214,-2331,12285,11548,-3312,-3341,229,7,-3784,4399,3793,-2928,-9683,5213,-7209,3619,6593	397,4248,-22392,-21038,6044,6085,-416,-2,6904,-8009,-6911,5339,17657,-9506,13145,-6595,-12014
71	3886	3883	A3+A1+A1	5	12	16	16	2	0	181/30	8	2	0	1	0	0	0	0	7	30	0,0,0,0,0,0,0	O:2;R1:1;R3:1;R5:1	0,0,0,0,0,0,0	2,2,-388,-4159,21918,20594,-5917,-5955,407,1,-6759,7841,6765,-5226,-17285,9306,-12867,6455,11760	223,2420,-12759,-11992,3439,3471,-238,-8,3929,-4567,-3939,3041,10055,-5413,7487,-3759,-6847
72	3899	3896	A3+A1+A1	5	12	16	16	2	0	181/30	8	2	0	1	0	0	0	0	7	30	0,0,0,0,0,0,0	O:2;R2:1;R3:1;R5:1	0,0,0,0,0,0,0	2,2,-148,-1588,8355,7849,-2254,-2269,152,0,-2578,2991,2580,-1990,-6591,3547,-4903,2459,4482	463,4991,-26322,-24737,7102,7157,-493,-9,8110,-9417,-8124,6277,20749,-11172,15451,-7755,-14125
73	3902	3899	A3+A1+A1	5	12	16	16	2	0	181/30	8	2	0	1	0	0	0	0	7	30	0,0,0,0,0,0,0	O:2;R1:1;R3:1;R5:1	0,0,0,0,0,0,0	2,2,-755,-8106,42735,40154,-11535,-11613,796,6,-13174,15287,13189,-10190,-33695,18141,-25087,12587,22929	-144,-1527,8058,7568,-2179,-2187,151,-3,-2486,2879,2485,-1923,-6355,3422,-4733,2373,4322
74	3905	3902	A3+A1+A1	5	12	16	16	2	0	181/30	8	2	0	1	0	0	0	0	7	30	0,0,0,0,0,0,0	O:2;R1:1;R3:1;R5:1	0,0,0,0,0,0,0	2,2,-683,-7339,38688,36352,-10442,-10514,720,6,-11926,13840,11940,-9225,-30504,16423,-22711,11395,20758	-72,-760,4011,3766,-1086,-1088,75,-3,-1238,1432,1236,-958,-3164,1704,-2357,1181,2151
75	3915	3912	A3+A1+A1	5	12	16	16	2	0	181/30	8	2	0	1	0	0	0	0	7	30	0,0,0,0,0,0,0	O:2;R2:1;R3:1;R5:1	0,0,0,0,0,0,0	2,2,-248,-2665,14043,13195,-3790,-3815,260,2,-4330,5025,4335,-3347,-11074,5961,-8243,4135,7534	363,3914,-20634,-19391,5566,5611,-385,-7,6358,-7383,-6369,4920,16266,-8758,12111,-6079,-11073
76	3917	3914	A3+A1+A1	5	12	16	16	2	0	181/30	8	2	0	1	0	0	0	0	7	30	0,0,0,0,0,0,0	O:2;R2:1;R3:1;R5:1	0,0,0,0,0,0,0	2,2,-515,-5535,29172,27409,-7872,-7927,541,5,-8993,10437,9004,-6954,-23001,12382,-17123,8591,15651	96,1044,-5505,-5177,1484,1499,-104,-4,1695,-1971,-1700,1313,4339,-2337,3231,-1623,-2956
77	3919	3916	A3+A1+A1	5	12	16	16	2	0	181/30	8	2	0	1	0	0	0	0	7	30	0,0,0,0,0,0,0	O:2;R2:1;R3:1;R4:1	0,0,0,0,0,0,0	2,2,-96,-1046,5510,5178,-1488,-1497,103,0,-1699,1972,1700,-1314,-4345,2340,-3235,1623,2957	515,5533,-29167,-27408,7868,7929,-542,-9,8989,-10436,-9004,6953,22995,-12379,17119,-8591,-15650
78	3920	3917	A3+A1+A1	5	12	16	16	2	0	181/30	8	2	0	1	0	0	0	0	7	30	0,0,0,0,0,0,0	O:2;R2:1;R3:1;R5:1	0,0,0,0,0,0,0	2,2,-176,-1898,9996,9393,-2697,-2716,184,2,-3082,3578,3086,-2382,-7883,4243,-5867,2943,5363	435,4681,-24681,-23193,6659,6710,-461,-7,7606,-8830,-7618,5885,19457,-10476,14487,-7271,-13244
79	3922	3919	A3+A1+A1	5	12	16	16	2	0	181/30	8	2	0	1	0	0	0	0	7	30	0,0,0,0,0,0,0	O:2;R2:1;R3:1;R5:1	0,0,0,0,0,0,0	2,2,-344,-3697,19488,18309,-5260,-5295,362,2,-6008,6971,6014,-4646,-15366,8272,-11440,5739,10455	267,2882,-15189,-14277,4096,4131,-283,-7,4680,-5437,-4690,3621,11974,-6447,8914,-4475,-8152
80	3923	3920	A3+A1+A1	5	12	16	16	2	0	181/30	8	2	0	1	0	0	0	0	7	30	0,0,0,0,0,0,0	O:2;R2:1;R3:1;R4:1	0,0,0,0,0,0,0	2,2,-363,-3916,20639,19392,-5570,-5609,384,3,-6362,7384,6369,-4921,-16272,8761,-12115,6079,11074	248,2663,-14038,-13194,3786,3817,-261,-6,4326,-5024,-4335,3346,11068,-5958,8239,-4135,-7533
81	3926	3923	A3+A1+A1	5	12	16	16	2	0	181/30	8	2	0	1	0	0	0	0	7	30	0,0,0,0,0,0,0	O:2;R1:1;R3:1;R4:1	0,0,0,0,0,0,0	2,2,-181,-1950,10277,9655,-2773,-2792,190,2,-3168,3677,3172,-2449,-8103,4361,-6032,3026,5513	430,4629,-24400,-22931,6583,6634,-455,-7,7520,-8731,-7532,5818,19237,-10358,14322,-7188,-13094
82	3929	3926	A3+A1+A1	5	12	16	16	2	0	181/30	8	2	0	1	0	0	0	0	7	30	0,0,0,0,0,0,0	O:2;R2:1;R3:1;R5:1	0,0,0,0,0,0,0	2,2,-37,-407,2131,1999,-573,-578,35,1,-657,764,658,-505,-1680,902,-1249,625,1141	574,6172,-32546,-30587,8783,8848,-610,-8,10031,-11644,-10046,7762,25660,-13817,19105,-9589,-17466
83	3935	3932	A3+A1+A1	5	12	16	16	2	0	181/30	8	2	0	1	0	0	0	0	7	30	0,0,0,0,0,0,0	O:2;R2:1;R3:1;R4:1	0,0,0,0,0,0,0	2,2,-463,-4993,26327,24738,-7106,-7155,492,5,-8114,9418,8124,-6278,-20755,11175,-15455,7755,14126	148,1586,-8350,-7848,2250,2271,-153,-4,2574,-2990,-2580,1989,6585,-3544,4899,-2459,-4481
84	3936	3933	A3+A1+A1	5	12	16	16	2	0	181/30	8	2	0	1	0	0	0	0	7	30	0,0,0,0,0,0,0	O:2;R2:1;R3:1;R5:1	0,0,0,0,0,0,0	2,2,-543,-5845,30813,28953,-8315,-8374,573,7,-9497,11024,9510,-7346,-24293,13078,-18087,9075,16532	68,734,-3864,-3633,1041,1052,-72,-2,1191,-1384,-1194,921,3047,-1641,2267,-1139,-2075
85	3937	3934	A3+A1+A1	5	12	16	16	2	0	181/30	8	2	0	1	0	0	0	0	7	30	0,0,0,0,0,0,0	O:2;R2:1;R3:1;R4:1	0,0,0,0,0,0,0	2,2,-562,-6064,31964,30036,-8625,-8688,595,8,-9851,11437,9865,-7621,-25199,13567,-18762,9415,17151	49,515,-2713,-2550,731,738,-50,-1,837,-971,-839,646,2141,-1152,1592,-799,-1456
86	3984	3981	A3+A1+A1	5	12	16	16	2	0	181/30	8	2	0	1	0	0	0	0	7	30	0,0,0,0,0,0,0	O:2;R1:1;R3:1;R4:1	0,0,0,0,0,0,0	2,2,-511,-5500,28999,27250,-7826,-7883,542,6,-8938,10374,8950,-6915,-22863,12310,-17023,8543,15561	100,1079,-5678,-5336,1530,1543,-103,-3,1750,-2034,-1754,1352,4477,-2409,3331,-1671,-3046
87	3985	3982	A3+A1+A1	5	12	16	16	2	0	181/30	8	2	0	1	0	0	0	0	7	30	0,0,0,0,0,0,0	O:2;R1:1;R3:1;R4:1	0,0,0,0,0,0,0	2,2,-610,-6571,34636,32548,-9345,-9416,645,9,-10675,12393,10691,-8258,-27307,14702,-20330,10203,18586	1,8,-41,-38,11,10,0,0,13,-15,-13,9,33,-17,24,-11,-21
88	3986	3983	A3+A1+A1	5	12	16	16	2	0	181/30	8	2	0	1	0	0	0	0	7	30	0,0,0,0,0,0,0	O:2;R2:1;R3:1;R5:1	0,0,0,0,0,0,0	2,2,-538,-5795,30537,28694,-8238,-8301,566,8,-9412,10927,9426,-7279,-24075,12961,-17923,8994,16385	73,784,-4140,-3892,1118,1125,-79,-1,1276,-1481,-1278,988,3265,-1758,2431,-1220,-2222
89	3989	3986	A3+A1+A1	5	12	16	16	2	0	181/30	8	2	0	1	0	0	0	0	7	30	0,0,0,0,0,0,0	O:2;R1:1;R3:1;R4:1	0,0,0,0,0,0,0	2,2,-276,-2977,15689,14742,-4232,-4265,291,5,-4835,5614,4843,-3739,-12368,6658,-9208,4621,8418	335,3602,-18988,-17844,5124,5161,-354,-4,5853,-6794,-5861,4528,14972,-8061,11146,-5593,-10189
90	3990	3987	A3+A1+A1	5	12	16	16	2	0	181/30	8	2	0	1	0	0	0	0	7	30	0,0,0,0,0,0,0	O:2;R1:1;R3:1;R4:1	0,0,0,0,0,0,0	2,2,-105,-1139,6005,5642,-1620,-1633,112,2,-1850,2148,1853,-1431,-4733,2548,-3525,1769,3222	506,5440,-28672,-26944,7736,7793,-533,-7,8838,-10260,-8851,6836,22607,-12171,16829,-8445,-15385
91	3996	3993	A3+A1+A1	5	12	16	16	2	0	181/30	8	2	0	1	0	0	0	0	7	30	0,0,0,0,0,0,0	O:2;R1:1;R3:1;R4:1	0,0,0,0,0,0,0	2,2,-710,-7648,40324,37894,-10881,-10962,753,11,-12427,14427,12446,-9615,-31790,17116,-23670,11879,21638	-99,-1069,5647,5308,-1525,-1536,108,2,-1739,2019,1742,-1348,-4450,2397,-3316,1665,3031
92	3997	3994	A3+A1+A1	5	12	16	16	2	0	181/30	8	2	0	1	0	0	0	0	7	30	0,0,0,0,0,0,0	O:2;R2:1;R3:1;R5:1	0,0,0,0,0,0,0	2,2,-638,-6872,36225,34040,-9774,-9847,674,10,-11164,12961,11181,-8636,-28558,15375,-21263,10670,19437	-27,-293,1548,1454,-418,-421,29,1,-476,553,477,-369,-1218,656,-909,456,830
93	3998	3995	A3+A1+A1	5	12	16	16	2	0	181/30	8	2	0	1	0	0	0	0	7	30	0,0,0,0,0,0,0	O:2;R2:1;R3:1;R5:1	0,0,0,0,0,0,0	2,2,-566,-6105,32178,30238,-8681,-8748,598,10,-9916,11514,9932,-7671,-25367,13657,-18887,9478,17266	45,474,-2499,-2348,675,678,-47,1,772,-894,-772,596,1973,-1062,1467,-736,-1341
94	3999	3996	A3+A1+A1	5	12	16	16	2	0	181/30	8	2	0	1	0	0	0	0	7	30	0,0,0,0,0,0,0	O:2;R1:1;R3:1;R4:1	0,0,0,0,0,0,0	2,2,-304,-3287,17330,16286,-4675,-4712,323,7,-5339,6201,5349,-4131,-13660,7354,-10172,5105,9299	307,3292,-17347,-16300,4681,4714,-322,-2,5349,-6207,-5355,4136,13680,-7365,10182,-5109,-9308
95	4003	4000	A3+A1+A1	5	12	16	16	2	0	181/30	8	2	0	1	0	0	0	0	7	30	0,0,0,0,0,0,0	O:2;R1:1;R3:1;R4:1	0,0,0,0,0,0,0	2,2,-571,-6157,32459,30500,-8757,-8824,604,10,-10002,11613,10018,-7738,-25587,13775,-19052,9561,17416	40,422,-2218,-2086,599,602,-41,1,686,-795,-686,529,1753,-944,1302,-653,-1191
96	4008	4005	A3+A1+A1	5	12	16	16	2	0	181/30	8	2	0	1	0	0	0	0	7	30	0,0,0,0,0,0,0	O:2;R2:1;R3:1;R4:1	0,0,0,0,0,0,0	2,2,-470,-5077,26761,25149,-7218,-7276,498,10,-8246,9577,8261,-6379,-21096,11357,-15706,7883,14360	141,1502,-7916,-7437,2138,2150,-147,1,2442,-2831,-2443,1888,6244,-3362,4648,-2331,-4247
97	4015	4012	A3+A1+A1	5	12	16	16	2	0	181/30	8	2	0	1	0	0	0	0	7	30	0,0,0,0,0,0,0	O:2;R2:1;R3:1;R4:1	0,0,0,0,0,0,0	2,2,-64,-716,3767,3541,-1012,-1026,68,6,-1158,1351,1164,-895,-2966,1595,-2208,1109,2021	547,5863,-30910,-29045,8344,8400,-577,-3,9530,-11057,-9540,7372,24374,-13124,18146,-9105,-16586
98	4030	4027	A3+A1+A1	5	12	16	16	2	0	181/30	8	2	0	1	0	0	0	0	7	30	0,0,0,0,0,0,0	O:2;R2:1;R3:1;R5:1	0,0,0,0,0,0,0	2,2,-109,-1206,6337,5960,-1705,-1725,115,6,-1952,2274,1959,-1508,-4996,2689,-3716,1866,3402	502,5373,-28340,-26626,7651,7701,-530,-3,8736,-10134,-8745,6759,22344,-12030,16638,-8348,-15205
99	4036	4033	A3+A1+A1	5	12	16	16	2	0	181/30	8	2	0	1	0	0	0	0	7	30	0,0,0,0,0,0,0	O:2;R1:1;R3:1;R4:1	0,0,0,0,0,0,0	2,2,57,580,-3066,-2878,831,831,-58,3,947,-1093,-945,733,2419,-1303,1802,-903,-1644	668,7159,-37743,-35464,10187,10257,-703,-6,11635,-13501,-11649,9000,29759,-16022,22156,-11117,-20251
100	4059	4056	A3+A1+A1	5	12	16	16	2	0	181/30	8	2	0	1	0	0	0	0	7	30	0,0,0,0,0,0,0	O:2;R2:1;R3:1;R4:1	0,0,0,0,0,0,0	2,2,-313,-3378,17809,16731,-4806,-4840,331,4,-5488,6370,5495,-4245,-14038,7557,-10454,5245,9554	298,3201,-16868,-15855,4550,4586,-314,-5,5200,-6038,-5209,4022,13302,-7162,9900,-4969,-9053
101	4060	4057	A3+A1+A1	5	12	16	16	2	0	181/30	8	2	0	1	0	0	0	0	7	30	0,0,0,0,0,0,0	O:2;R2:1;R3:1;R4:1	0,0,0,0,0,0,0	2,2,-412,-4449,23446,22029,-6325,-6373,434,7,-7225,8389,7236,-5588,-18482,9949,-13761,6905,12579	199,2130,-11231,-10557,3031,3053,-211,-2,3463,-4019,-3468,2679,8858,-4770,6593,-3309,-6028
102	4080	4077	A3+A1+A1	5	12	16	16	2	0	181/30	8	2	0	1	0	0	0	0	7	30	0,0,0,0,0,0,0	O:2;R1:1;R3:1;R5:1	0,0,0,0,0,0,0	2,2,-76,-825,4329,4067,-1166,-1176,76,1,-1336,1552,1338,-1029,-3416,1837,-2539,1273,2322	535,5754,-30348,-28519,8190,8250,-569,-8,9352,-10856,-9366,7238,23924,-12882,17815,-8941,-16285
103	4082	4079	A3+A1+A1	5	12	16	16	2	0	181/30	8	2	0	1	0	0	0	0	7	30	0,0,0,0,0,0,0	O:2;R1:1;R3:1;R5:1	0,0,0,0,0,0,0	2,2,-244,-2624,13821,12983,-3729,-3755,254,1,-4262,4945,4266,-3293,-10899,5866,-8112,4069,7414	367,3955,-20856,-19603,5627,5671,-391,-8,6426,-7463,-6438,4974,16441,-8853,12242,-6145,-11193
104	4083	4080	A3+A1+A1	5	12	16	16	2	0	181/30	8	2	0	1	0	0	0	0	7	30	0,0,0,0,0,0,0	O:2;R1:1;R3:1;R5:1	0,0,0,0,0,0,0	2,2,-343,-3695,19458,18281,-5248,-5288,357,4,-5999,6964,6007,-4636,-15343,8258,-11419,5729,10439	268,2884,-15219,-14305,4108,4138,-288,-5,4689,-5444,-4697,3631,11997,-6461,8935,-4485,-8168
105	4092	4089	A3+A1+A1	5	12	16	16	2	0	181/30	8	2	0	1	0	0	0	0	7	30	0,0,0,0,0,0,0	O:2;R2:1;R3:1;R5:1	0,0,0,0,0,0,0	2,2,-358,-3868,20379,19150,-5499,-5539,378,4,-6282,7293,6290,-4858,-16068,8651,-11962,6002,10935	253,2711,-14298,-13436,3857,3887,-267,-5,4406,-5115,-4414,3409,11272,-6068,8392,-4212,-7672
106	4093	4090	A3+A1+A1	5	12	16	16	2	0	181/30	8	2	0	1	0	0	0	0	7	30	0,0,0,0,0,0,0	O:2;R2:1;R3:1;R5:1	0,0,0,0,0,0,0	2,2,-457,-4939,26016,24448,-7018,-7072,481,7,-8019,9312,8031,-6201,-20512,11043,-15269,7662,13960	154,1640,-8661,-8138,2338,2354,-164,-2,2669,-3096,-2673,2066,6828,-3676,5085,-2552,-4647
107	4099	4096	A3+A1+A1	5	12	16	16	2	0	181/30	8	2	0	1	0	0	0	0	7	30	0,0,0,0,0,0,0	O:2;R1:1;R3:1;R4:1	0,0,0,0,0,0,0	2,2,-96,-1050,5531,5198,-1493,-1503,103,1,-1705,1980,1707,-1318,-4361,2348,-3247,1629,2968	515,5529,-29146,-27388,7863,7923,-542,-8,8983,-10428,-8997,6949,22979,-12371,17107,-8585,-15639
108	4101	4098	A3+A1+A1	5	12	16	16	2	0	181/30	8	2	0	1	0	0	0	0	7	30	0,0,0,0,0,0,0	O:2;R1:1;R3:1;R5:1	0,0,0,0,0,0,0	2,2,-344,-3701,19509,18329,-5265,-5301,362,3,-6014,6979,6021,-4650,-15382,8280,-11452,5745,10466	267,2878,-15168,-14257,4091,4125,-283,-6,4674,-5429,-4683,3617,11958,-6439,8902,-4469,-8141
109	4126	4123	A3+A1+A1	5	12	16	16	2	0	181/30	8	2	0	1	0	0	0	0	7	30	0,0,0,0,0,0,0	O:2;R1:1;R3:1;R4:1	0,0,0,0,0,0,0	2,2,-391,-4230,22301,20956,-6018,-6062,416,6,-6872,7979,6882,-5317,-17580,9465,-13091,6569,11966	220,2349,-12376,-11630,3338,3364,-229,-3,3816,-4429,-3822,2950,9760,-5254,7263,-3645,-6641
110	4128	4125	A3+A1+A1	5	12	16	16	2	0	181/30	8	2	0	1	0	0	0	0	7	30	0,0,0,0,0,0,0	O:2;R1:1;R3:1;R4:1	0,0,0,0,0,0,0	2,2,-490,-5301,27938,26254,-7537,-7595,519,9,-8609,9998,8623,-6660,-22024,11857,-16398,8229,14991	121,1278,-6739,-6332,1819,1831,-126,0,2079,-2410,-2081,1607,5316,-2862,3956,-1985,-3616
111	4130	4127	A3+A1+A1	5	12	16	16	2	0	181/30	8	2	0	1	0	0	0	0	7	30	0,0,0,0,0,0,0	O:2;R1:1;R3:1;R4:1	0,0,0,0,0,0,0	2,2,-658,-7100,37430,35170,-10100,-10174,697,9,-11535,13391,11551,-8924,-29507,15886,-21971,11025,20083	-47,-521,2753,2584,-744,-748,52,0,-847,983,847,-657,-2167,1167,-1617,811,1476
112	4168	4165	A3+A1+A1	5	12	16	16	2	0	181/30	8	2	0	1	0	0	0	0	7	30	0,0,0,0,0,0,0	O:2;R2:1;R3:1;R4:1	0,0,0,0,0,0,0	2,2,-499,-5392,28417,26699,-7668,-7723,527,6,-8758,10167,8769,-6774,-22402,12060,-16680,8369,15246	112,1187,-6260,-5887,1688,1703,-118,-3,1930,-2241,-1935,1493,4938,-2659,3674,-1845,-3361
113	4183	4180	A3+A1+A1	5	12	16	16	2	0	181/30	8	2	0	1	0	0	0	0	7	30	0,0,0,0,0,0,0	O:2;R1:1;R3:1;R5:1	0,0,0,0,0,0,0	2,2,-530,-5715,30117,28297,-8127,-8184,558,5,-9284,10776,9295,-7179,-23746,12783,-17678,8869,16158	81,864,-4560,-4289,1229,1242,-87,-4,1404,-1632,-1409,1088,3594,-1936,2676,-1345,-2449
114	4205	4202	A3+A1+A1	5	12	16	16	2	0	181/30	8	2	0	1	0	0	0	0	7	30	0,0,0,0,0,0,0	O:2;R2:1;R3:1;R5:1	0,0,0,0,0,0,0	2,2,-118,-1301,6837,6425,-1841,-1859,123,4,-2107,2451,2112,-1626,-5390,2900,-4010,2012,3668	493,5278,-27840,-26161,7515,7567,-522,-5,8581,-9957,-8592,6641,21950,-11819,16344,-8202,-14939
115	4206	4203	A3+A1+A1	5	12	16	16	2	0	181/30	8	2	0	1	0	0	0	0	7	30	0,0,0,0,0,0,0	O:2;R2:1;R3:1;R5:1	0,0,0,0,0,0,0	2,2,-46,-534,2790,2623,-748,-760,47,4,-859,1004,863,-661,-2199,1182,-1634,820,1497	565,6045,-31887,-29963,8608,8666,-598,-5,9829,-11404,-9841,7606,25141,-13537,18720,-9394,-17110
116	4209	4206	A3+A1+A1	5	12	16	16	2	0	181/30	8	2	0	1	0	0	0	0	7	30	0,0,0,0,0,0,0	O:2;R2:1;R3:1;R5:1	0,0,0,0,0,0,0	2,2,-413,-4481,23607,22183,-6366,-6418,436,9,-7274,8450,7287,-5625,-18609,10017,-13854,6952,12666	198,2098,-11070,-10403,2990,3008,-209,0,3414,-3958,-3417,2642,8731,-4702,6500,-3262,-5941
117	4213	4210	A3+A1+A1	5	12	16	16	2	0	181/30	8	2	0	1	0	0	0	0	7	30	0,0,0,0,0,0,0	O:2;R2:1;R3:1;R5:1	0,0,0,0,0,0,0	2,2,-466,-5034,26516,24913,-7154,-7206,489,5,-8174,9489,8184,-6319,-20906,11254,-15563,7808,14226	145,1545,-8161,-7673,2202,2220,-156,-4,2514,-2919,-2520,1948,6434,-3465,4791,-2406,-4381
118	4220	4217	A3+A1+A1	5	12	16	16	2	0	181/30	8	2	0	1	0	0	0	0	7	30	0,0,0,0,0,0,0	O:2;R1:1;R3:1;R4:1	0,0,0,0,0,0,0	2,2,-499,-5396,28438,26719,-7673,-7729,527,7,-8764,10175,8776,-6778,-22418,12068,-16692,8375,15257	112,1183,-6239,-5867,1683,1697,-118,-2,1924,-2233,-1928,1489,4922,-2651,3662,-1839,-3350
