parameter,generic_subgroup_rank,best_retained_quotient_rank,full_curve_rank,compatible_cover_count,co_split_triples,eligible_total_degree_6,eligible_total_degree_8,degree_6_incidence_count,degree_8_incidence_count,pair_incidence_count,pair_relation_rank,triple_relation_rank,combined_relation_rank,extra_relation_rank_beyond_pairs,native_quotient_upper_bound
-102202/53157,17,0,UNKNOWN,0,0,0,0,0,0,0,0,0,0,0,0
-10358/5863,17,2,UNKNOWN,0,0,0,0,0,0,0,0,0,0,0,0
-10481/8914,17,0,UNKNOWN,0,0,0,0,0,0,0,0,0,0,0,0
-10485/8323,17,0,UNKNOWN,0,0,0,0,0,0,0,0,0,0,0,0
-10565/5352,17,1,UNKNOWN,0,0,0,0,0,0,0,0,0,0,0,0
-1121/9525,17,0,UNKNOWN,0,0,0,0,0,0,0,0,0,0,0,0
-113593/59592,17,0,UNKNOWN,0,0,0,0,0,0,0,0,0,0,0,0
-11412/11111,17,0,UNKNOWN,0,0,0,0,0,0,0,0,0,0,0,0
-1193/1560,17,6,UNKNOWN,1,0,0,0,0,0,0,0,0,0,0,1
-12009/6278,17,1,UNKNOWN,0,0,0,0,0,0,0,0,0,0,0,0
-124285/64402,17,0,UNKNOWN,0,0,0,0,0,0,0,0,0,0,0,0
-1264/1047,17,6,UNKNOWN,0,0,0,0,0,0,0,0,0,0,0,0
-1291/11334,17,0,UNKNOWN,0,0,0,0,0,0,0,0,0,0,0,0
-1318/2675,17,3,UNKNOWN,2,0,0,0,0,0,0,0,0,0,0,2
-14057/6370,17,2,UNKNOWN,0,0,0,0,0,0,0,0,0,0,0,0
-14287/5405,17,0,UNKNOWN,0,0,0,0,0,0,0,0,0,0,0,0
-14466/15721,17,0,UNKNOWN,0,0,0,0,0,0,0,0,0,0,0,0
-14809/1336,17,0,UNKNOWN,0,0,0,0,0,0,0,0,0,0,0,0
-14817/4960,17,0,UNKNOWN,0,0,0,0,0,0,0,0,0,0,0,0
-15109/7728,17,1,UNKNOWN,0,0,0,0,0,0,0,0,0,0,0,0
-1513/3735,17,0,UNKNOWN,0,0,0,0,0,0,0,0,0,0,0,0
-15266/10685,17,0,UNKNOWN,0,0,0,0,0,0,0,0,0,0,0,0
-15472/8615,17,2,UNKNOWN,1,0,0,0,0,0,0,0,0,0,0,1
-1561/3133,17,0,UNKNOWN,0,0,0,0,0,0,0,0,0,0,0,0
-15937/10028,17,1,UNKNOWN,0,0,0,0,0,0,0,0,0,0,0,0
-1599/3584,17,0,UNKNOWN,0,0,0,0,0,0,0,0,0,0,0,0
-16246/13195,17,0,UNKNOWN,0,0,0,0,0,0,0,0,0,0,0,0
-168541/87360,17,0,UNKNOWN,0,0,0,0,0,0,0,0,0,0,0,0
-174459/92092,17,0,UNKNOWN,0,0,0,0,0,0,0,0,0,0,0,0
-182255/93054,17,0,UNKNOWN,0,0,0,0,0,0,0,0,0,0,0,0
-1853/270,17,0,UNKNOWN,0,0,0,0,0,0,0,0,0,0,0,0
-190909/99008,17,0,UNKNOWN,0,0,0,0,0,0,0,0,0,0,0,0
-1929/3242,17,0,UNKNOWN,0,0,0,0,0,0,0,0,0,0,0,0
-198633/101894,17,0,UNKNOWN,0,0,0,0,0,0,0,0,0,0,0,0
-2/377,17,8,UNKNOWN,6,20,0,2,0,0,0,0,0,0,0,6
-202703/106054,17,0,UNKNOWN,0,0,0,0,0,0,0,0,0,0,0,0
-2221/1361,17,0,UNKNOWN,0,0,0,0,0,0,0,0,0,0,0,0
-2300/843,17,7,UNKNOWN,3,1,0,0,0,0,0,0,0,0,0,3
-2416/9,17,4,UNKNOWN,2,0,0,0,0,0,0,0,0,0,0,2
-278/2615,17,0,UNKNOWN,0,0,0,0,0,0,0,0,0,0,0,0
-28367/15470,17,3,UNKNOWN,0,0,0,0,0,0,0,0,0,0,0,0
-288/65,17,7,UNKNOWN,4,4,0,0,0,0,0,0,0,0,0,4
-3/148,17,5,UNKNOWN,1,0,0,0,0,0,0,0,0,0,0,1
-308/251,17,9,UNKNOWN,3,1,0,0,0,0,0,0,0,0,0,3
-3086/3229,17,0,UNKNOWN,0,0,0,0,0,0,0,0,0,0,0,0
-3106/4753,17,0,UNKNOWN,1,0,0,0,0,0,0,0,0,0,0,1
-3115/2756,17,5,UNKNOWN,3,1,0,1,0,0,0,0,0,0,0,3
-3162/2135,17,0,UNKNOWN,0,0,0,0,0,0,0,0,0,0,0,0
-3359/9754,17,0,UNKNOWN,0,0,0,0,0,0,0,0,0,0,0,0
-3381/3083,17,0,UNKNOWN,0,0,0,0,0,0,0,0,0,0,0,0
-33841/18655,17,0,UNKNOWN,0,0,0,0,0,0,0,0,0,0,0,0
-339/7,17,3,UNKNOWN,0,0,0,0,0,0,0,0,0,0,0,0
-3459/2327,17,0,UNKNOWN,0,0,0,0,0,0,0,0,0,0,0,0
-3712/10017,17,0,UNKNOWN,0,0,0,0,0,0,0,0,0,0,0,0
-373/12028,17,0,UNKNOWN,0,0,0,0,0,0,0,0,0,0,0,0
-3871/1618,17,0,UNKNOWN,0,0,0,0,0,0,0,0,0,0,0,0
-3895/3749,17,6,UNKNOWN,0,0,0,0,0,0,0,0,0,0,0,0
-3958/1267,17,0,UNKNOWN,0,0,0,0,0,0,0,0,0,0,0,0
-4021/2640,17,0,UNKNOWN,0,0,0,0,0,0,0,0,0,0,0,0
-4035/1852,17,2,UNKNOWN,1,0,0,0,0,0,0,0,0,0,0,1
-4112/1937,17,8,UNKNOWN,4,4,0,0,0,0,1,1,0,1,0,3
-4113/7910,17,0,UNKNOWN,0,0,0,0,0,0,0,0,0,0,0,0
-41346/21827,17,0,UNKNOWN,0,0,0,0,0,0,0,0,0,0,0,0
-41757/22880,17,1,UNKNOWN,0,0,0,0,0,0,0,0,0,0,0,0
-4253/2347,17,2,UNKNOWN,0,0,0,0,0,0,0,0,0,0,0,0
-430/7371,17,2,UNKNOWN,1,0,0,0,0,0,0,0,0,0,0,1
-45321/23621,17,3,UNKNOWN,0,0,0,0,0,0,0,0,0,0,0,0
-4659/2815,17,0,UNKNOWN,0,0,0,0,0,0,0,0,0,0,0,0
-511/2711,17,1,UNKNOWN,0,0,0,0,0,0,0,0,0,0,0,0
-5195/5602,17,0,UNKNOWN,0,0,0,0,0,0,0,0,0,0,0,0
-5284/455,17,2,UNKNOWN,1,0,0,0,0,0,0,0,0,0,0,1
-5353/4106,17,0,UNKNOWN,0,0,0,0,0,0,0,0,0,0,0,0
-55104/28535,17,0,UNKNOWN,0,0,0,0,0,0,0,0,0,0,0,0
-560/1609,17,2,UNKNOWN,0,0,0,0,0,0,0,0,0,0,0,0
-5643/6760,17,0,UNKNOWN,1,0,0,0,0,0,0,0,0,0,0,1
-585/1223,17,2,UNKNOWN,0,0,0,0,0,0,0,0,0,0,0,0
-5877/1690,17,5,UNKNOWN,2,0,0,0,0,0,0,0,0,0,0,2
-601/1570,17,1,UNKNOWN,0,0,0,0,0,0,0,0,0,0,0,0
-636/3209,17,1,UNKNOWN,0,0,0,0,0,0,0,0,0,0,0,0
-639/2575,17,1,UNKNOWN,0,0,0,0,0,0,0,0,0,0,0,0
-63985/35256,17,1,UNKNOWN,0,0,0,0,0,0,0,0,0,0,0,0
-649/10913,17,0,UNKNOWN,0,0,0,0,0,0,0,0,0,0,0,0
-6726/2305,17,1,UNKNOWN,1,0,0,0,0,0,0,0,0,0,0,1
-695/97,17,7,UNKNOWN,1,0,0,0,0,0,0,0,0,0,0,1
-70/61,17,5,UNKNOWN,13,286,1,65,0,0,6,5,0,5,0,8
-70665/36751,17,2,UNKNOWN,1,0,0,0,0,0,0,0,0,0,0,1
-70688/36829,17,0,UNKNOWN,0,0,0,0,0,0,0,0,0,0,0,0
-73681/39130,17,0,UNKNOWN,0,0,0,0,0,0,0,0,0,0,0,0
-7540/2317,17,5,UNKNOWN,0,0,0,0,0,0,0,0,0,0,0,0
-75641/41314,17,0,UNKNOWN,0,0,0,0,0,0,0,0,0,0,0,0
-7634/2859,17,0,UNKNOWN,0,0,0,0,0,0,0,0,0,0,0,0
-7726/2611,17,1,UNKNOWN,1,0,0,0,0,0,0,0,0,0,0,1
-79649/42198,17,0,UNKNOWN,0,0,0,0,0,0,0,0,0,0,0,0
-8382/14489,17,0,UNKNOWN,0,0,0,0,0,0,0,0,0,0,0,0
-8387/1750,17,0,UNKNOWN,0,0,0,0,0,0,0,0,0,0,0,0
-841/8544,17,0,UNKNOWN,0,0,0,0,0,0,0,0,0,0,0,0
-848/9373,17,0,UNKNOWN,0,0,0,0,0,0,0,0,0,0,0,0
-8921/2715,17,0,UNKNOWN,0,0,0,0,0,0,0,0,0,0,0,0
-894/749,17,3,UNKNOWN,1,0,0,0,0,0,0,0,0,0,0,1
-903/470,17,6,UNKNOWN,0,0,0,0,0,0,0,0,0,0,0,0
-94057/48789,17,0,UNKNOWN,0,0,0,0,0,0,0,0,0,0,0,0
-94199/50700,17,0,UNKNOWN,0,0,0,0,0,0,0,0,0,0,0,0
-9529/5471,17,11,UNKNOWN,1,0,0,0,0,0,0,0,0,0,0,1
-9795/13063,17,1,UNKNOWN,0,0,0,0,0,0,0,0,0,0,0,0
10126/11795,17,0,UNKNOWN,0,0,0,0,0,0,0,0,0,0,0,0
10126/15275,17,0,UNKNOWN,0,0,0,0,0,0,0,0,0,0,0,0
1101/2566,17,1,UNKNOWN,0,0,0,0,0,0,0,0,0,0,0,0
11744/9849,17,0,UNKNOWN,0,0,0,0,0,0,0,0,0,0,0,0
11992/8347,17,0,UNKNOWN,0,0,0,0,0,0,0,0,0,0,0,0
1207/1194,17,2,UNKNOWN,0,0,0,0,0,0,0,0,0,0,0,0
1217/151,17,0,UNKNOWN,0,0,0,0,0,0,0,0,0,0,0,0
1229/894,17,6,UNKNOWN,2,0,0,0,0,0,1,1,0,1,0,1
12344/8655,17,0,UNKNOWN,0,0,0,0,0,0,0,0,0,0,0,0
1263/710,17,2,UNKNOWN,1,0,0,0,0,0,0,0,0,0,0,1
129/70,17,6,UNKNOWN,0,0,0,0,0,0,0,0,0,0,0,0
1348/1431,17,5,UNKNOWN,1,0,0,0,0,0,0,0,0,0,0,1
13591/9675,17,0,UNKNOWN,0,0,0,0,0,0,0,0,0,0,0,0
13833/10535,17,0,UNKNOWN,0,0,0,0,0,0,0,0,0,0,0,0
13969/15813,17,0,UNKNOWN,0,0,0,0,0,0,0,0,0,0,0,0
1452/7817,17,0,UNKNOWN,0,0,0,0,0,0,0,0,0,0,0,0
14771/6673,17,0,UNKNOWN,0,0,0,0,0,0,0,0,0,0,0,0
14981/15381,17,0,UNKNOWN,0,0,0,0,0,0,0,0,0,0,0,0
1501/732,17,3,UNKNOWN,1,0,0,0,0,0,0,0,0,0,0,1
1576/2331,17,0,UNKNOWN,0,0,0,0,0,0,0,0,0,0,0,0
15850/13287,17,0,UNKNOWN,0,0,0,0,0,0,0,0,0,0,0,0
1641/15448,17,0,UNKNOWN,0,0,0,0,0,0,0,0,0,0,0,0
1966/3615,17,0,UNKNOWN,0,0,0,0,0,0,0,0,0,0,0,0
2051/2045,17,1,UNKNOWN,0,0,0,0,0,0,0,0,0,0,0,0
2108/1939,17,0,UNKNOWN,0,0,0,0,0,0,0,0,0,0,0,0
2139/3865,17,1,UNKNOWN,0,0,0,0,0,0,0,0,0,0,0,0
2263/1084,17,0,UNKNOWN,0,0,0,0,0,0,0,0,0,0,0,0
2291/2392,17,6,UNKNOWN,0,0,0,0,0,0,0,0,0,0,0,0
2456/135,17,10,UNKNOWN,2,0,0,0,0,0,0,0,0,0,0,2
2762/3203,17,2,UNKNOWN,0,0,0,0,0,0,0,0,0,0,0,0
2798/7213,17,0,UNKNOWN,0,0,0,0,0,0,0,0,0,0,0,0
28/117,17,6,UNKNOWN,11,165,0,30,0,0,1,1,0,1,0,10
3/8,17,4,UNKNOWN,25,2300,26,438,4,7,7,7,11,13,6,12
3056/609,17,1,UNKNOWN,0,0,0,0,0,0,0,0,0,0,0,0
3243/1708,17,1,UNKNOWN,0,0,0,0,0,0,0,0,0,0,0,0
33/119,17,7,UNKNOWN,7,35,0,5,0,0,0,0,0,0,0,7
3419/3564,17,2,UNKNOWN,1,0,0,0,0,0,0,0,0,0,0,1
4120/14827,17,0,UNKNOWN,0,0,0,0,0,0,0,0,0,0,0,0
4197/4819,17,0,UNKNOWN,0,0,0,0,0,0,0,0,0,0,0,0
4250/9093,17,0,UNKNOWN,0,0,0,0,0,0,0,0,0,0,0,0
4251/1375,17,0,UNKNOWN,0,0,0,0,0,0,0,0,0,0,0,0
4298/8873,17,0,UNKNOWN,0,0,0,0,0,0,0,0,0,0,0,0
44/35,17,6,UNKNOWN,3,1,0,0,0,0,0,0,0,0,0,3
444/2623,17,0,UNKNOWN,0,0,0,0,0,0,0,0,0,0,0,0
461/4420,17,0,UNKNOWN,0,0,0,0,0,0,0,0,0,0,0,0
5653/7526,17,0,UNKNOWN,0,0,0,0,0,0,0,0,0,0,0,0
5735/11074,17,2,UNKNOWN,1,0,0,0,0,0,0,0,0,0,0,1
611/4020,17,0,UNKNOWN,0,0,0,0,0,0,0,0,0,0,0,0
6695/1353,17,0,UNKNOWN,0,0,0,0,0,0,0,0,0,0,0,0
7127/1266,17,2,UNKNOWN,0,0,0,0,0,0,0,0,0,0,0,0
754/3427,17,0,UNKNOWN,0,0,0,0,0,0,0,0,0,0,0,0
8/39,17,5,UNKNOWN,7,35,0,7,0,0,2,2,0,2,0,5
825/2224,17,2,UNKNOWN,0,0,0,0,0,0,0,0,0,0,0,0
85/2016,17,0,UNKNOWN,0,0,0,0,0,0,0,0,0,0,0,0
8524/2211,17,0,UNKNOWN,0,0,0,0,0,0,0,0,0,0,0,0
856/1327,17,0,UNKNOWN,0,0,0,0,0,0,0,0,0,0,0,0
8637/3040,17,2,UNKNOWN,1,0,0,0,0,0,0,0,0,0,0,1
9181/3402,17,0,UNKNOWN,0,0,0,0,0,0,0,0,0,0,0,0
9446/3605,17,0,UNKNOWN,0,0,0,0,0,0,0,0,0,0,0,0
9629/2857,17,0,UNKNOWN,0,0,0,0,0,0,0,0,0,0,0,0
9783/7559,17,0,UNKNOWN,0,0,0,0,0,0,0,0,0,0,0,0
