core_id	slot	pool_index	norm	projection_norm	orthogonal_height	orthogonal_ratio	orthogonal_percentile	grid1_score	grid2_score	grid3_score	grid4_score	half_advantage	third_advantage	quarter_advantage	coeff_l2	frac_l2	frac_max	integer_grid_euclid	integer_grid_metric	half_grid_euclid	half_grid_metric	third_grid_euclid	third_grid_metric	quarter_grid_euclid	quarter_grid_metric	pair_abs_mean	pair_abs_max	pair_corr_mean	pair_corr_max	support	max_coeff	vector	projection_coeffs
0	1	47004	62.30893690317552	62.257022482272625	0.05191442090289655	0.0008331777668357359	0.00012023807138133504	0.2772266083128435	0.2749646044906104	0.3152099325133194	0.25971794563626005	-0.0022620038222331273	0.0379833242004759	-0.015246658854350337	2.6139055790228807	1.143034588305589	0.4922875576344439	1.143034588305589	8.81845194651705	0.5668540538104854	3.85804855107404	0.4332146153320768	3.136668649092379	0.26771113068168145	2.379112589958834	8.322202625522692	25.615566166049234	0.16087487693229083	0.5714744170447038	12	2	0 2 0 -1 -1 0 -2 -1 1 1 0 -1 0 -1 0 -1 1 1 0 0 0	0.362903819129 -0.161230091269 0.578569686043 0.0134883479851 -0.0563517220313 1.28244284434 -0.769357710031 0.0645274269739 -0.163738085768 -0.204297123511 -0.492287557634 0.409576583645 -1.52349140848 -0.0548664918969 -1.08563409561 0.290054841523 0.174802452133
0	2	34228	60.459178083237866	59.96451022205568	0.49466786118218664	0.008181848924594162	0.008617061782329011	0.26546339929148954	0.29303864306087407	0.24169284043775174	0.3057141419128145	0.027575243769384528	-0.0237705588537378	0.04025074262132494	1.56788175894346	1.094533635014328	0.4431482955206185	1.094533635014328	7.785068891061503	0.6041146388638278	4.70803764789268	0.3321750366934686	1.9878498342249609	0.31512292458790037	1.4274606069151945	11.949070470500715	30.318016448299552	0.22737413680811	0.5200981599736737	17	2	1 2 -1 -1 -1 -1 -1 -1 1 1 -1 -1 0 0 1 -1 1 1 -1 0 0	0.0899452009448 -0.0640441276607 0.0138260034268 -0.130410888299 -0.309375591057 0.28753845193 0.0327862827086 0.326319526277 0.346792182429 0.212351689227 -0.600656608939 0.732017031832 -0.682122523331 0.109135045602 -0.443148295521 -0.615328501824 -0.169427697581
0	3	42318	61.67761479732093	60.21224074132836	1.4653740559925694	0.023758604492212308	0.0380753892707561	0.28897222355815017	0.2862469427744792	0.29719577144377285	0.2486987476619153	-0.002725280783670958	0.008223547885622684	-0.03754819511256391	2.4738908698008073	1.1914630005998534	0.49816510574276	1.1914630005998534	9.431745039699413	0.5901131900346559	3.1852595230716214	0.40845651904986674	2.6396155121270457	0.2563528013922275	1.7797166641966433	9.08021025476269	28.239613482248227	0.16720526002569838	0.5062676918098261	13	2	0 -1 0 1 2 1 0 1 0 -2 0 1 1 0 -1 1 -2 0 0 -1 1	0.538572925509 1.0970456305 -0.992005271192 -0.498165105743 0.142756825301 0.274945564996 0.714608270457 0.0153209023745 -0.325336430882 0.830645439448 0.221749298802 -0.977487871714 0.699910568121 0.139603308726 0.479650524469 -0.297667199539 -0.398677443204
0	4	9267	53.31030587771518	42.09749574663631	11.212810131078868	0.21033100347987416	0.5992665477645739	0.3019318341135368	0.24500987939268196	0.2955125679384743	0.26255406629890077	-0.056921954720854845	-0.006419266175062499	0.01754418690621881	1.7537062068899052	1.2448968437865817	0.49984727467966816	1.2448968437865817	8.38471436739026	0.5051008060279357	3.0886254698839575	0.4061431771026149	2.7527304842402027	0.27063453694644746	1.8902230232515713	10.451261504776667	19.8804768867608	0.20995756975320895	0.3714399102356515	10	1	0 -1 0 1 1 0 1 1 -1 0 0 1 1 0 0 0 -1 0 -1 0 0	-0.307805226703 0.759694609294 -0.0682932981205 0.202209835972 -0.17340058628 -0.383855211564 0.457579249995 -0.0287525577869 0.50015272532 0.450983280393 -0.0586592228104 -0.0495373044073 0.477252962151 0.38808972645 1.00301131959 -0.329228395485 0.134885352553
1	1	26118	58.933224018534176	58.515615234778615	0.4176087837555613	0.007086135040299605	0.0009819048954972647	0.26964774136647873	0.2810318711769783	0.27465388561772996	0.32014229921750187	0.011384129810499577	0.005006144251251232	0.050494557851023136	2.109094647225152	1.1117861193632244	0.46356443511950896	1.1117861193632244	6.6088646257515835	0.5793620445138284	3.379985030001119	0.37747566029607055	2.7418063703031637	0.32999512872546355	1.9191747698696275	10.839434167103951	22.312579975755973	0.2023712886455327	0.4112942409696111	16	3	-1 -1 1 2 3 1 2 2 -2 -1 -1 0 1 0 -2 0 -2 -1 -1 0 0	0.767386693628 -0.825983884652 -0.0732313998409 -0.53643556488 -0.0526133919056 -0.0720171180851 0.43280993582 0.0624395974455 0.622406639711 0.864853178906 0.251078327515 -0.590592762352 0.345789668446 0.278633484868 0.898447203743 0.34153154688 -0.128783972176
1	2	43364	61.83096350500044	61.3826270076446	0.44833649735583947	0.007251002927029938	0.0016031100334649218	0.2676149888231905	0.3070351143886315	0.27477359927273126	0.26478604631240654	0.039420125565441	0.007158610449540748	-0.0028289425107839716	2.764445700994712	1.103404865916504	0.47186492620338494	1.103404865916504	5.9040693413078875	0.6329691036989642	5.2208943345520815	0.377640190977537	2.4915514569437756	0.27293520928393544	2.2462224893251848	8.42098803251032	27.171056316502398	0.1518029141270074	0.4873165089938806	12	2	-1 0 1 1 0 0 1 -1 -1 0 -1 0 -1 -1 0 -1 1 0 0 2 0	-0.998916238815 0.129194760757 -0.310453384464 0.186511363703 -0.937949933502 -0.063092200069 -0.161803971816 1.03858723191 -0.665947039179 0.658011192221 -0.724613725434 0.800778312912 0.528135073797 -0.603769132768 -0.431254203551 1.25562098728 -0.243083147081
1	3	1759	45.577855407929974	44.84938031767339	0.7284750902565804	0.015983092748366456	0.015069234314570266	0.3099285740483067	0.2955610368086173	0.2858530350410966	0.3183823387886867	-0.01436753723968942	-0.0240755390072101	0.02282130198006943	1.6563340203841592	1.2778682471982332	0.4799826822371128	1.2778682471982332	9.323451830605906	0.6093146867894992	4.134851401574272	0.39286741895927585	2.696846258872497	0.32818100303923553	2.294279510763145	7.855358433588952	22.7602162191638	0.172816262257747	0.5666650454464068	15	2	1 2 -1 -1 -1 -1 -1 -2 1 2 0 -1 0 0 0 -1 1 1 0 -1 0	0.35039324629 0.276595812132 0.819069078941 0.322645054128 0.0833807545749 -0.360504018947 0.213135819561 -0.520017317763 0.529376257106 -0.12961278351 0.147976200934 -0.228820728864 0.381975425938 0.405152978068 0.400594820158 -0.686784911132 -0.0541191321181
1	4	28864	59.4816083592768	55.63641029780142	3.8451980614753793	0.06464515952981421	0.10939222090856261	0.24814301698260033	0.2764605504086306	0.25350961808089073	0.31005526252577237	0.028317533426030272	0.005366601098290402	0.06191224554317204	2.0907313756581676	1.023119869278698	0.44976946298769904	1.023119869278698	7.941670320444489	0.5699380253255898	3.992534085391392	0.3484156441525017	2.6231613941804097	0.3195976492930932	2.0638637461958385	11.263237619895412	29.276368408747217	0.20948868747425187	0.5045937675531849	15	2	-1 -2 1 2 2 1 1 1 -1 -2 -1 0 1 0 -2 0 -1 0 0 0 1	0.630892990288 -0.693523086264 -0.0241633752665 -0.286022008678 -0.0519835664514 -0.405651722565 0.550230537012 0.393129713705 0.261788082816 0.147053572841 0.0993955670556 0.136309048186 -0.0319580987165 -0.135945156606 1.03808546769 0.091182066398 -1.24945962787
2	1	43343	61.82833552569288	59.88204711371021	1.946288411982671	0.03147890680598845	0.002001819836214741	0.24993185171266744	0.2988817730824583	0.35213879983786667	0.2673981915009615	0.048949921369790844	0.10220694812519923	0.017466339788294066	6.342070135674883	1.030495423817538	0.489684388989053	1.030495423817538	8.689329868127572	0.6161605599954324	4.621470145800345	0.4839684888699199	3.65636388254127	0.27562774691440073	1.7881806749738807	6.483912385495104	26.509561116341562	0.11613803298363652	0.46039427825699736	16	2	-1 2 -1 -1 -1 0 -2 -2 1 1 0 -1 0 -1 0 -1 2 1 1 0 1	-1.23290083668 -1.1405226912 -0.510315611011 -1.98358793134 2.20089576914 -0.521668330002 0.794871568444 -3.12091493483 1.42093164985 0.842343329515 1.29331927398 2.15881580097 0.0326359354151 1.76686546261 -2.18721642286 -0.865585524647 0.0134555583712
2	2	32862	60.20604208678264	58.05855632164279	2.147485765139848	0.03566894103492808	0.01694469719947427	0.2676255074126437	0.30998744705034026	0.3029588387551631	0.3311729780815716	0.04236193963769658	0.035333331342519425	0.06354747066892791	5.227467262815935	1.103448235171852	0.488752321462832	1.103448235171852	6.148773404453467	0.6390554934020573	3.844720753357678	0.41637709746733553	3.2739098318826025	0.34136529224517054	2.2629267434828546	9.659353059776388	22.372198483659023	0.17894252890061305	0.39641451658195415	11	1	-1 0 0 1 1 1 0 0 -1 -1 -1 0 0 0 -1 -1 0 0 1 0 1	-1.11389219662 -0.409154808747 -0.375953528669 -1.29575805077 1.90156757948 -1.51124767854 -0.021357672298 -2.81400822695 1.2740018981 0.836822948055 0.762189009827 0.119412091957 0.62389585508 1.66561799671 -1.9020280837 0.155984786885 0.744900671905
2	3	46073	62.185677570979664	59.85632838854157	2.3293491824380936	0.03745796899582447	0.023961176827418867	0.2690330109657867	0.2995062827895397	0.3096969549857343	0.2722259465388701	0.030473271823753034	0.04066394401994761	0.003192935573083422	2.4967280040923123	1.1092515209898928	0.44847776241026954	1.1092515209898928	6.936639204776045	0.6174480197386925	4.965844399366849	0.42563775244611357	2.9733953078197586	0.2806040829033769	1.722486111014199	10.206765112681929	29.67683692059192	0.1854950942744168	0.5139177077962189	18	2	-1 2 -1 -2 -1 -1 -2 -2 1 2 1 -1 0 -1 0 -1 2 1 1 0 1	-0.58204625017 -0.317678410247 -0.390218587733 -0.808352392203 0.155299464494 -0.00753047146261 0.682315334674 -0.824723261119 0.991088714507 0.136764021575 0.439380307857 1.15806618295 -0.197943798383 0.2431754693 -0.955013759174 -0.44847776241 -0.267803396336
2	4	46051	62.182553125838	59.67954772090096	2.503005404937035	0.04025253514232097	0.037751491254675966	0.3437300256778604	0.2845581330274199	0.30722246201671655	0.3054051903218221	-0.05917189265044048	-0.03650756366114383	0.020847057294402227	4.222488096565181	1.4172352025660893	0.49926449514166005	1.4172352025660893	10.78873292265079	0.5866316195503067	4.278845281454939	0.42223688715241087	3.3316961693081453	0.31480446457718425	1.976963355001229	10.514884028080077	22.711444020505546	0.1968503720383073	0.45627117028310826	13	2	-1 2 -1 -1 0 0 -2 -2 0 0 0 -1 0 -1 0 -1 2 1 1 0 1	-0.737172596718 0.135466972262 -0.45269655571 -1.12045610321 1.51081272508 -0.439929438204 0.428449063218 -2.29439205331 1.24765515011 0.408869850195 0.640290861754 1.50073550486 -0.267416039432 1.39252652575 -1.1604432491 -0.369151124926 0.0619557937686
3	1	46577	62.25349551080635	61.82982907674897	0.423666434057381	0.0068055043428659895	0.0003208213025344883	0.29026744020097955	0.3116487834845877	0.324582209337977	0.297310398248718	0.021381343283608134	0.034314769136997436	0.007042958047738468	1.513581177032885	1.1968033156262967	0.48533327348133404	1.1968033156262967	8.672299129491224	0.6424804262011019	3.457164010293159	0.44609557776560727	2.7076185927617415	0.30646054389347904	2.204359581162002	10.569515249048342	28.597419293363437	0.1891522740189847	0.4897755642561176	16	3	0 -1 0 1 2 1 1 3 -1 -1 0 1 1 1 -1 0 -2 -1 -1 -1 0	-0.221759180664 -0.514666726519 -0.720435089834 0.160007400245 0.115909532744 0.186849728593 -0.063234267732 -0.193985144372 0.42564596769 0.346569391643 0.425644957647 -0.549992866815 0.250991662849 0.644200218418 -0.102241544549 -0.130196122725 -0.227854235816
3	2	37111	60.915409405229624	60.227703205508114	0.6877061997215108	0.01128952766526873	0.005834937439846006	0.2451394434702404	0.3229288782011085	0.3051759201908658	0.30055820381956005	0.0777894347308681	0.060036476720625426	0.05541876034931967	2.236442610147439	1.0107358184329307	0.41736098468157384	1.0107358184329307	8.327520594848806	0.6657349371926954	5.271906397206598	0.4194241844473349	2.5830350316314945	0.3098083052484919	2.2737434794574285	11.785256415068739	27.047808377266744	0.2246196542244116	0.47441309304625323	19	3	1 -3 1 2 2 1 2 3 -2 -2 -1 2 1 1 -1 1 -2 -1 -1 0 0	-0.62950595199 0.176337523992 0.0443551583611 -0.87461311624 0.221039057892 1.03972817199 -0.417360984682 -0.609635851593 0.30631937038 0.84065385563 0.246121567265 -0.2132900017 -0.161367821274 0.837786604081 -0.658120775385 0.0226636907033 -0.251966111971
3	3	20722	57.63017951114621	56.89218214650573	0.7379973646404778	0.012805744679274204	0.012231312159127365	0.2769618374590642	0.30177427803020224	0.29260120359271546	0.24040649348716953	0.024812440571138017	0.015639366133651245	-0.036555343971894694	2.016310238454796	1.1419429101088718	0.4808374644367551	1.1419429101088718	9.26948309349001	0.6221236117065174	4.40842500527649	0.4021418895318745	2.736677640607968	0.24780534143299102	1.6490513981581334	11.234908027724481	22.452512694535727	0.21580585618316106	0.4359196104971753	19	3	-1 -3 1 2 3 2 1 3 -2 -3 0 1 1 1 -2 1 -3 -1 0 -1 1	-0.841135164739 0.419338952298 0.0168357540742 -0.713543437576 -0.0458662520971 0.462737727467 -0.658263740225 0.189988052621 -0.223225497473 0.311601455363 0.17979901049 -0.480837464437 0.23447876387 1.03208174128 -0.066131408292 0.218986119789 -0.635712600059
3	4	3197	48.13985674314932	41.2300124105504	6.909844332598922	0.14353686944825084	0.37520051331408405	0.295884825789074	0.24924444633351542	0.31639649228894523	0.312647910477328	-0.04664037945555857	0.02051166649987124	0.06340346414381257	2.991902007903581	1.2199643897458323	0.48326738515976353	1.2199643897458323	9.074490767846113	0.5138305894158383	3.501737425406451	0.4348453857607483	3.368637672730641	0.3222700896316694	1.6667591339093633	8.925322636958926	15.453018188626626	0.18421511798794274	0.3038595764514294	10	1	1 1 -1 -1 0 0 -1 -1 1 0 0 0 0 1 0 0 0 1 0 -1 0	-0.405201664285 0.966072764198 -0.367759081525 0.16587627828 -0.182699630509 0.971555288125 -0.666181505676 -0.48326738516 -1.15846192102 -0.601644752982 1.20850970262 0.360237677398 -0.590756867006 1.16659544871 -0.466408554924 0.0397948838226 -0.901804005984
4	1	34266	60.46487324295545	59.86452781206808	0.6003454308873657	0.009928829726891223	0.0008014747134727899	0.27404505635771875	0.2544827943518977	0.27542233361765867	0.28663925793475986	-0.019562262005821063	0.001377277259939913	0.03215646358286217	3.635435125473111	1.1299167135412191	0.44978357578406447	1.1299167135412191	8.948974972013964	0.5246297205076057	4.097679637846608	0.3785317910532375	1.9999547074511528	0.29546098422842004	2.3462109018731456	11.604712591536767	23.17303825313452	0.21903230918802544	0.5582858942903662	14	2	0 -2 0 1 2 0 2 2 -1 0 0 1 1 1 -1 1 -2 -1 -1 0 0	-0.995945810033 1.02991033859 0.67757311082 -0.550537463948 1.44978357578 1.1316233973 -1.24640853925 1.02381486384 0.105311108487 0.419307837115 0.167264472781 1.04621961731 0.110862607955 0.603915558091 -0.798343587214 -1.4157625238 0.298647632061
4	2	8404	52.814181990480144	51.805801790829804	1.0083801996503396	0.019092981499402983	0.012523042398012343	0.3086180398767293	0.2891304837056282	0.28657900044058254	0.2749605281468742	-0.019487556171101095	-0.022039039436146768	-0.014169955558754	4.159406214728447	1.2724647763828383	0.4901125046225343	1.2724647763828383	9.034248076015682	0.5960577619521156	3.6831037220290845	0.3938651629668171	2.2526174617976333	0.283422825106295	2.131688768669178	8.980090704041132	20.537386329882953	0.1769714844114343	0.3778144092074013	14	2	-1 2 0 -1 -1 0 -2 -2 1 0 0 -1 0 -1 0 -1 2 1 1 0 1	1.38313510136 -0.624698096411 -0.899821544013 0.764414700958 -1.40009352092 -1.16941984124 1.50988749538 -1.01142549689 -0.206459520269 -0.736182089529 0.561394609548 -1.23737551537 -0.285109549864 -0.952155748418 0.919916209624 1.58046963048 -0.458175500758
4	3	6224	51.32263231694827	50.225034364444475	1.097597952503797	0.021386236499434916	0.0176524805642382	0.2830173427433336	0.2698671503765199	0.25466011867635774	0.28211778791128067	-0.013150192366813696	-0.028357224066975883	0.012250637534760744	2.317678390837324	1.1669103980124007	0.4785074425850931	1.1669103980124007	8.752367772994203	0.5563453829434181	4.547767273893811	0.34999685597831726	2.3620843194994885	0.2908003596059529	2.005097659482283	8.44298237175995	23.633819488664844	0.17013297081687798	0.44105025332842923	16	3	0 -2 0 1 2 0 2 3 -1 -1 0 1 1 1 -1 1 -2 -1 -1 -1 0	-0.813440826876 0.727188866428 0.478507442585 -0.119403896667 0.999638010189 1.02650498242 -0.684614018935 0.588082048227 -0.0718959697913 0.0531043560834 -0.366093183036 0.528301788698 -0.0189851778274 -0.204221855563 -0.637206081413 -0.249165729471 -0.372951869947
4	4	43220	61.810272224968855	60.686869179160524	1.123403045808331	0.01817502181060645	0.009357217279794822	0.2821042396214845	0.2920433185637667	0.329856861417295	0.25703806691059855	0.009939078942282187	0.04775262179581047	-0.02506617271088596	4.36857973162057	1.1631455773939354	0.4986901511188748	1.1631455773939354	8.70446593178622	0.6020627248471585	3.973548111946417	0.4533448936527446	4.0686831149227825	0.2649487749192444	1.794608876568704	10.544410717987866	31.06270934766352	0.19177511097076605	0.5687932423622619	15	2	0 -1 -1 0 2 0 1 2 0 -1 1 1 1 1 0 1 -2 -1 -1 -1 0	-1.86439383958 0.944797699159 0.854813266614 -0.471426350401 2.10148070216 0.882551625275 -1.44598158013 1.65763700645 -0.0306619116112 0.498690151119 -0.202837199422 0.750110402792 0.241733184364 0.202857638528 -1.25118417714 -0.970111628392 0.519217142776
5	1	10992	54.21810420052249	54.13461564034038	0.08348856018211137	0.0015398649844585825	0.002184894162924952	0.34391012557255746	0.3109219483809771	0.2706757677983264	0.2644928995781338	-0.03298817719158037	-0.07323435777423104	-0.046429048802843265	2.2364096558636515	1.4179777734550876	0.46445975471337597	1.4179777734550876	10.44476899686936	0.6409820172488053	3.457139285478297	0.3720082603092197	2.975844988555822	0.2726330405466326	1.7451706269426397	9.221787985998947	22.196331046320836	0.17829485385672203	0.39990030896571455	15	2	0 -1 0 2 2 0 2 2 -2 -1 -1 1 1 0 -1 1 -1 -1 -1 0 0	-0.243258486903 -0.464459754713 0.162842741507 -0.541505264078 -0.637134535691 0.256888229649 0.784318694695 0.750336581373 -0.541862705291 0.680851087029 -0.435336780098 0.338963220752 0.322994143793 1.01228708145 0.547137641808 -0.34752763759 -0.382124486878
5	2	13586	55.34506981834335	55.05718879658617	0.28788102175717967	0.005201565789004851	0.006955580500320718	0.26655628906652196	0.2710930024637867	0.24783369259675242	0.25624606340855716	0.004536713397264747	-0.018722596469769537	-0.0103102256579648	2.161600879383395	1.0990397349939438	0.4913642008922335	1.0990397349939438	8.281385255705201	0.5588725417620106	3.3625623596978973	0.3406148307210893	2.2621481150496314	0.2641323963955505	1.899857031248615	11.195522494119801	31.105363712409932	0.21307284945077287	0.5754794028081336	15	2	0 2 -1 -1 -2 -1 -1 -2 1 1 0 -1 -1 0 1 -1 2 1 0 0 0	-0.631737287538 -0.235062231522 0.286819055523 -0.0887633329847 0.491364200892 0.420185726123 -0.796276808068 -1.07078102288 -0.0100824383127 0.0311982593056 0.944138065578 -0.368299953428 -0.220136236336 -0.00184182578599 0.724605251844 0.093804034018 -0.564776575425
5	3	2730	47.41056440063628	45.59553855992958	1.8150258407067028	0.03828315194413387	0.08533114175753688	0.3600883835031	0.24029165944247355	0.3502283222805734	0.31013494281347176	-0.11979672406062647	-0.00986006122252664	0.06984328337099821	2.0524617775369745	1.4846824397412013	0.4972654971773518	1.4846824397412013	8.282134003942566	0.49537394641813287	3.1131011534208195	0.4813427886152224	2.4110794035776966	0.3196797818537091	1.8530238118604212	9.015690404153304	22.472999181114755	0.18540202610707626	0.4542150169341137	10	1	0 1 -1 -1 0 0 -1 -1 1 0 0 0 1 0 0 0 0 1 0 -1 1	-0.505854059069 -0.576396669973 0.399684365933 -0.523943655849 0.51735745633 0.462499416426 -0.146394891883 -1.1547464926 0.111226048277 -0.35955218579 0.659903371309 0.502734502823 0.114633899247 -0.146470637742 0.287265137075 0.563222492732 -0.299297702945
5	4	11762	54.573979761905804	43.23830845326869	11.335671308637117	0.20771201510485662	0.6008058050032072	0.22991266966718624	0.2801353669059878	0.28171733191127724	0.27925754797300645	0.050222697238801545	0.051804662244091	0.04934487830582021	1.3267148618413394	0.9479542217055504	0.45879305881097726	0.9479542217055504	6.839748200302618	0.5775138536122728	3.9355722440392706	0.38718343867912824	2.391439477598063	0.28785209176092413	1.976897337533297	11.377388483317214	27.25795048542193	0.2189262873871857	0.5042691891369666	8	1	1 -1 0 1 0 0 1 0 0 0 0 0 0 0 0 1 -1 0 -1 0 -1	-0.0362427050426 0.0116478723838 0.203520755236 -0.458793058811 -0.571858460356 -0.240797387206 0.858919098734 -0.196979522449 -0.117869025246 -0.0471817976424 0.00157004555087 0.0295962666104 -0.13402934223 -0.286979494997 0.38807929726 0.115231277521 0.253101564623
6	1	33675	60.359671891620565	60.2226962177699	0.13697567385066378	0.0022693243610835373	0.0010220645704322733	0.28041036342653236	0.288439581553789	0.2696144447047128	0.30428354092456283	0.008029218127256654	-0.010795918721819564	0.023873177498030473	2.564256365334886	1.1561615469254285	0.46498621081321945	1.1561615469254285	7.027219608772089	0.5946334306776158	3.382413668072725	0.3705496112365943	2.365264233948909	0.31364829484223167	1.6863495506710289	11.383902032470347	30.994704249776238	0.21453298765075407	0.564241257637052	13	2	0 0 -1 -1 -1 0 -2 -1 1 0 1 0 0 -1 1 0 1 1 1 0 1	-1.46498621081 0.578301732311 1.10219814091 -0.415411427099 0.162496025255 -0.232649823259 -1.01460551657 -0.0105144137946 0.731132161702 -0.728126829981 -0.0554444185003 -0.115668605089 -0.148560545151 0.259634261013 0.385840823926 0.357903796291 -0.38690481056
6	2	22674	58.141355776615534	57.06363882418539	1.0777169524301442	0.018536151041452016	0.008517204753602277	0.30679873801741075	0.2546036370437616	0.26187009131675887	0.22351494462586455	-0.052195100973649156	-0.044928646700651886	-0.03108869241789705	3.071818442786226	1.2649636026519853	0.49757864754142545	1.2649636026519853	7.901024139590176	0.5248788440989252	4.266301283120353	0.3599060155630463	2.028506614876819	0.2303939313991305	1.735580611496035	10.030979613756902	20.667907088988777	0.18820737086124337	0.37913044127658857	15	3	1 3 -2 -1 -1 -1 -2 -2 2 2 0 -1 0 0 0 -1 1 1 0 -1 0	1.43815852817 -0.696766042492 -0.656376081093 -0.214599082275 1.00424105689 0.497578647541 -0.019281347177 -0.974210131153 -1.26502954853 0.681790174686 0.0874142110723 -0.710331042702 0.91550964028 -0.563219383627 0.444687300485 0.512336185079 0.0830867966778
6	3	41574	61.57705923785899	60.212911067039485	1.3641481708195045	0.02215351281310938	0.016272871199823645	0.3072043624032491	0.26549226694114514	0.25584544281577887	0.22910204304761914	-0.04171209546210397	-0.05135891958747024	-0.036390223893526	2.3199841914341457	1.266636034839123	0.49041626612545064	1.266636034839123	7.446964397249621	0.5473263296915106	3.4675324532149965	0.3516259281874597	1.4485056736901485	0.23615298063253454	1.5183690067626328	11.602331654938228	31.48517692784601	0.21247511548297016	0.5691690221063144	12	2	0 0 0 -1 -1 1 -2 -2 1 0 1 0 0 -1 0 0 1 1 1 0 1	-1.47414174009 0.48715295699 0.329383296299 -0.316330809784 -0.0728540348541 0.342261321575 -1.01746961911 0.00896974835455 0.424397188712 0.183170775563 -0.0337877399621 -0.0119210589414 0.311740724199 0.490416266125 0.259462540414 0.630486110606 -0.766882432073
6	4	23523	58.34929940406869	55.60887984473598	2.7404195593327074	0.0469657662957581	0.06416962263772821	0.3386451215648397	0.2528275308337016	0.28378054960298094	0.3201613616559337	-0.08581759073113815	-0.05486457196185879	0.0673338308222321	1.8151258599432651	1.3962696058119672	0.4703983237306655	1.3962696058119672	10.071656157173111	0.5212173073457288	4.244346579605411	0.3900190601696408	3.02324376164273	0.33001477783724764	2.0753980642828944	9.902632411198553	27.54230733928634	0.18711096911721434	0.5099566676989002	14	2	-1 1 -1 -2 0 0 -2 -1 1 0 1 0 0 0 1 0 1 1 1 -1 1	-0.568917263149 -0.332958064034 0.874502586104 -0.0447194690711 -0.606927002603 -0.179522946885 -0.0572122587339 0.40272088236 0.389042249813 0.365660536918 0.178686299645 -0.243403673394 0.529601676269 0.592608009535 -0.456996991921 0.450600280052 0.327976277096
7	1	26580	59.03422633331909	58.68001231022029	0.35421402309879824	0.0060001467809340766	0.0018243419338024498	0.2927082289729171	0.27279249791766763	0.27500958860514213	0.28177291121868997	-0.019915731055249464	-0.017698640367774965	0.008980413301022339	1.8632120014085491	1.206866945542817	0.45885865522967073	1.206866945542817	8.333561680350522	0.5623761413953147	3.505166250474288	0.37796452729221997	2.2211117610946007	0.2904448688481116	1.303703387317765	9.870516515582214	31.641698525209	0.18198172818847616	0.57356557958643	11	2	0 1 0 -1 -1 -1 -1 -2 1 2 0 -1 0 0 0 0 1 1 0 0 0	0.62884631161 0.099562553549 0.54114134477 0.694312206687 -0.0657899895907 -0.568178772022 0.771404285937 -0.0426678493734 0.219635650518 0.168469947617 0.0402240180608 -0.685413826148 -0.42487455707 0.6182188218 -0.084015815493 -0.451497625801 0.213543748497
7	2	40821	61.47154096446465	61.004607330461354	0.466933634003297	0.007595931819461319	0.004330306128586035	0.33138507637832754	0.2723673396402378	0.31873656620058427	0.30614274941425884	-0.05901773673808974	-0.012648510177743266	0.03377540977402105	3.2108376395392533	1.3663356726612204	0.4709010941606013	1.3663356726612204	14.509959118207028	0.5614996551525901	4.089900458889052	0.43806150973056174	3.371674812257702	0.3155647230879971	2.175696763748738	13.334227058761229	24.560667474475032	0.24271998321902521	0.43135046287926854	11	2	0 1 -1 0 0 -1 -1 -2 1 1 -1 0 0 0 0 0 1 1 0 0 1	1.59528385751 0.904678422754 0.275327491125 0.439826862285 -0.53432793837 0.470901094161 0.547610456822 0.826159150607 -0.772314868693 0.349135307754 -0.203419187422 -0.135648768011 -1.37932075189 -0.626010615623 -0.0655814405658 -0.18925978368 1.44031266876
7	3	17838	56.823984479531156	56.181294141051104	0.6426903384800511	0.011310194882788583	0.012930775245083298	0.2687318932024393	0.2926926920763293	0.33111565798541653	0.26623845028608234	0.02396079887389002	0.06238376478297725	-0.002493442916356947	2.3516975839950858	1.1080099806458619	0.4972713644405073	1.1080099806458619	8.445408266943659	0.6034014426385454	4.730485179204832	0.45507494405658794	2.8583712967373858	0.2744323130325685	2.2119563560322657	11.28368202998251	23.055920968680987	0.21710699340467787	0.47530842911779836	15	2	1 -1 -1 0 1 1 0 2 0 -1 1 1 1 1 0 1 -2 0 -1 -2 0	-0.86926463012 -0.553486568885 -0.0262890261195 -0.761868163208 0.302771677189 0.110434362641 -0.203115476989 0.0711564896648 0.494062672983 -0.178118810711 -0.00192461199239 0.368806181487 0.836392828291 0.91578841948 0.254167489019 0.497271364441 -1.2145970947
7	4	39950	61.34577250387569	53.8136821526744	7.5320903512012904	0.12278091943051869	0.30640925402457847	0.26408687476677156	0.29625322083787575	0.3057560300729065	0.3022366795131894	0.03216634607110419	0.041669155306134964	0.038149804746417826	3.244180916884834	1.0888580790026623	0.47225293598063656	1.0888580790026623	8.674036520708425	0.6107416607219984	4.627824401239708	0.4202214692200412	2.666513081910208	0.31153843839220824	2.0806618343615777	7.9067748222219	30.60197378068636	0.1435054538168629	0.5242536590449486	8	1	0 0 0 1 0 0 0 -1 0 0 -1 0 0 -1 -1 0 1 0 0 1 1	1.41556429416 0.93004125756 0.611023769104 -0.314990753069 -0.419645752432 0.77522563199 0.131506179291 0.773903065169 -1.14246313752 0.0197252899512 -0.0809092214287 0.097779678138 -1.72400185942 -0.848502511243 -0.472252935981 -0.166727573281 0.72482156704
8	1	6101	51.202607941939426	50.59833920045209	0.6042687414873384	0.011801522730493369	0.010409116533784329	0.26949540956072393	0.3408870639655818	0.3084969934614349	0.28168683150931195	0.0713916544048579	0.03900158390071096	0.012191421948588022	4.283854145762495	1.1111580392379563	0.44643368530833705	1.1111580392379563	8.060158058703434	0.7027566855683888	4.74565014848639	0.4239885630756589	2.9175161038469004	0.2903561399146145	2.065943979032404	7.683758841153544	22.564132395127807	0.15307604363037514	0.4307504412993546	19	3	-1 -3 1 1 2 2 1 3 -1 -2 1 1 1 1 -1 1 -3 -1 0 -1 0	0.652139872944 1.76949636055 -0.134409826159 0.29426766811 1.24828461906 -1.20366409226 -0.0906880631306 0.31503973687 -1.55356631469 -0.769727942045 -1.18267174274 0.866342019305 -0.228401387544 0.584924338143 -0.577871650149 -1.18442272842 2.07109636073
8	2	46051	62.182553125838	60.743197320829154	1.4393558050088444	0.02314726129202253	0.013167431746798743	0.2884659314235908	0.2726018252666733	0.29847402646375887	0.25679312878694355	-0.015864106156917468	0.010008095040168086	-0.015808696479729767	1.7607007269556048	1.1893755046516454	0.4839473676617932	1.1893755046516454	8.64985975603229	0.5619830596553317	4.413788400636829	0.4102133125378262	2.340390151739349	0.2646962984803518	2.1996425148575534	12.37711281217393	29.967696538477686	0.22790117863273185	0.5024616313820001	13	2	-1 2 -1 -1 0 0 -2 -2 0 0 0 -1 0 -1 0 -1 2 1 1 0 1	0.092550546437 -0.265602340629 -0.457950050613 0.163297608163 0.0700457332449 0.770739685746 0.277888125487 0.440408557817 1.04279276974 0.386515000363 0.0866367792317 0.315671713089 0.20812591461 0.0098221448011 0.113205568003 0.483947367662 -0.529194023935
8	3	10454	53.94071369058007	50.86537330198031	3.0753403885997557	0.057013342579054854	0.08488362728517355	0.24228853441254403	0.3029485837900987	0.288481254199192	0.3124208907707414	0.060660049377554676	0.04619271978664799	0.0701323563581974	1.5892009978807993	0.9989812192590184	0.48855917746102623	0.9989812192590184	7.1763853117920435	0.6245445050489294	4.002181506015785	0.39647956069130896	2.550226985039564	0.3220360830743312	1.6516507037463548	10.917800933766628	30.11276178339448	0.21082437239537838	0.5965429115473802	11	2	1 0 -2 -1 0 0 -2 0 2 0 1 1 0 0 0 1 0 1 0 -1 1	-0.488559177461 -0.854018415871 0.337776859325 -0.0546208543796 0.139819808201 0.0819139380497 -0.314956811134 -0.227797144749 0.741967414153 0.667812337593 0.345648363484 0.12800075389 0.280746177987 -0.0627267163955 0.100755747154 0.175446369185 -0.0840516872562
8	4	13691	55.378251989433245	52.09551701140921	3.2827349780240382	0.059278414541694434	0.09215188853990497	0.28345508968854416	0.28838348610034636	0.30572206679868685	0.21251318989167547	0.004928396411802205	0.022266977110142694	-0.07094189979686868	3.4263977966662846	1.1687152749047949	0.4801548942307582	1.1687152749047949	7.355794200355642	0.5945177869377853	3.5114216901332105	0.4201747911643746	2.1022971637985144	0.21905358219008034	1.2190830651396964	6.92460723013766	18.033143187038387	0.13697946033733469	0.3981508234186457	16	3	0 2 -1 -1 -1 -1 -2 -3 1 2 0 -1 0 -1 0 -1 2 1 1 0 1	-1.32564393853 -1.05911898539 -0.519845105769 0.222856106657 -0.479891356758 0.926112904177 0.476962674201 0.186631384854 1.84648550754 -0.015091997071 1.2118139297 -0.233610725307 -0.0591259535896 0.0593676391838 0.689899254364 0.427942284873 -1.26174810058
9	1	27902	59.28785813267254	58.77406788557504	0.5137902470974964	0.008666028142689056	0.0011421014666987256	0.2076046068831049	0.2907245481719941	0.3370564336764391	0.2873649657450536	0.08311994128888922	0.12945182679333422	0.07976035886194871	2.3406147655394154	0.8559757225438727	0.44510024854464025	0.8559757225438727	6.54912994330547	0.5993440100365507	4.257061590311615	0.46323975928065064	2.43664477873025	0.29620902671721416	2.276883377550024	8.932280754839466	24.21232556857484	0.1692546146987387	0.5473101837142322	18	3	0 3 -1 -1 -2 -1 -1 -3 1 2 -1 -2 -1 -1 1 -2 3 1 0 1 0	0.906369542178 0.0379933686218 0.0997948141802 -0.147210162756 -0.0316108201345 0.817954826758 -1.55489975146 -0.428380946673 -0.769068716017 -0.116370915538 -0.158729564335 0.201500049921 0.0714398762235 -0.769698933675 -0.216506009487 0.0807813150016 0.175723599666
9	2	39984	61.34996116810546	60.39148107925295	0.9584800888525109	0.015623157221341557	0.003807004888995752	0.29854207197857613	0.2958288671527665	0.3027379246377447	0.3323654072917043	-0.002713204825809612	0.004195852659168553	0.036536540138937756	3.3297074419845747	1.2309204964584197	0.480197078502758	1.2309204964584197	7.173954871266928	0.6098668331888355	5.293631040210303	0.41607348005390016	3.25734929926496	0.3425944201412828	2.259853861908849	9.74628405790596	32.60216685996954	0.1725417613314653	0.5516222764234732	11	2	0 -2 0 1 1 1 1 2 0 -2 0 2 0 0 0 2 -1 0 -1 0 0	-0.834912354544 -0.863660583252 0.0908202951552 -0.301334462307 0.601629342705 -0.78825312817 -0.604533006345 0.129413676177 1.4280439548 1.55873628388 1.09432983443 0.249768818688 -0.893271390126 0.648624042982 0.480197078503 0.652825105316 0.758337879867
9	3	24666	58.61826932961247	57.50644110736417	1.111828222248299	0.018967264557001026	0.008375410755790656	0.3177775897820034	0.2509198656397184	0.3323493390863775	0.2782076927636817	-0.06685772414228497	0.014571749304374104	0.02728782712396327	5.4150400765464655	1.3102305681253994	0.4811231506013838	1.3102305681253994	9.154877622435823	0.5172845547991752	3.382532441382619	0.4567704765524516	3.590778209914945	0.2867699257810114	2.3178700723896313	6.217327298331184	26.25649757131321	0.11375711894658212	0.4823721773781387	17	2	1 -2 -1 1 2 1 1 2 0 -1 0 2 1 1 -1 2 -2 0 -1 -1 0	-0.773744311024 -1.09128041188 0.997552077811 -1.1010940051 0.584467405047 -1.46294254039 0.555029054389 1.75240551699 1.54371705613 2.30245568075 0.913192988906 0.14704750057 -2.12979100836 1.46971391634 1.4811231506 0.172459640436 1.4160990585
9	4	10464	53.94339326111617	52.707083626454875	1.2363096346612963	0.02291864786252631	0.01757233309289092	0.2964095484198343	0.2300760395608304	0.308238478034614	0.28631768762418586	-0.06633350885900391	0.011828929614779715	0.056241648063355465	3.7872320397935444	1.222127876576609	0.498227730884444	1.222127876576609	9.527962708757416	0.4743139065165456	2.847495838318599	0.42363326760544767	2.592396340839543	0.29512951713928015	1.7886253751650187	9.611550201773078	22.452511868114705	0.1852763448117127	0.45054043599742144	14	2	-1 1 1 0 -2 0 0 -1 0 1 0 -1 -1 -1 1 -1 1 0 0 1 -1	0.925308909817 0.0279927955252 -0.432815499126 0.483141185028 -0.959673618715 1.13328137811 -0.971554907385 -1.58354433053 -0.646847652918 -0.952546760711 -0.218956395853 0.372924918795 1.46190551441 -1.23361784128 -1.13195294727 0.840986796585 -0.498227730884
10	1	33219	60.27165480097429	58.91833410248687	1.3533206984874226	0.022453684123262967	0.004214729370008873	0.2702764290138809	0.3037282637708174	0.2491590009378727	0.2640320471719637	0.03345183475693653	-0.021117428076008193	-0.006244381841917168	1.7114361430354657	1.1143782649389846	0.4473604157855094	1.1143782649389846	7.358541774788368	0.6261518565062709	3.55389814667409	0.34243629281340626	2.63105347401699	0.27215800475951774	1.53300779393863	13.255142567569656	33.1821675962977	0.2535360478958494	0.6830184133871638	19	3	-2 -3 2 1 2 2 1 2 -2 -2 1 1 1 0 -2 1 -2 -1 1 0 1	0.0148803009658 -0.259534832966 -0.401733426191 0.132973726046 -0.31379958687 -0.554970397036 -0.447360415786 -0.087278821083 0.709041997594 -0.00131970567684 -0.31682744432 0.138242917209 -0.312018856088 0.0360831605918 0.757626375061 0.821948607469 0.312510602372
10	2	29486	59.60343975001986	57.7371690804423	1.8662706695775597	0.031311459160827004	0.018270549326449947	0.24593811019186576	0.2859527382250267	0.29358621553067016	0.2992883349700879	0.04001462803316094	0.0476481053388044	0.05335022477822213	1.3726193387522383	1.0140288056858577	0.4986080315772109	1.0140288056858577	6.467578315379772	0.5895066718181909	3.9946933595577865	0.4034956589527684	2.9343160332025384	0.30849935439922804	2.275242266045114	13.965029865427342	40.106184151412805	0.2634319815827378	0.7091081334131029	6	1	0 1 0 0 0 0 0 1 0 0 0 0 0 -1 1 0 0 0 -1 0 -1	0.498608031577 -0.231813495463 0.735553795299 -0.127105386184 0.32965807865 0.142647449212 -0.0637248866705 0.00196795465535 0.692360919879 0.407525606784 0.183742195889 -0.0211667351001 -0.142110152485 0.101619157004 0.0387790963611 -0.201876513955 0.372859300809
10	3	12515	54.899200865796985	52.50847053916911	2.3907303266278745	0.04354763437216688	0.05684843107203356	0.28660594201093303	0.3391449038438746	0.2893502124711662	0.27696170399344944	0.052538961832941544	0.002744270460233178	-0.009644238017483597	3.022538458125248	1.1817065718407271	0.4959824376962451	1.1817065718407271	9.12148751888088	0.69916513046912	5.631980441629934	0.3976738296045102	2.8680297775930903	0.28548558995401113	1.6726317747870953	12.199268207788164	27.092522159255115	0.23943273216899583	0.5843198540277437	16	2	0 -2 1 1 2 1 1 1 -1 -1 0 1 2 0 -2 1 -2 -1 0 0 1	-1.23191826985 0.233751289574 -1.04621796855 -0.485927585869 -0.627438947934 0.730672569789 -0.849835453209 0.234522790759 -0.495982437696 -1.38527003627 -0.739927090515 0.380083272331 -0.00260851268015 0.120131965611 0.103952683807 1.25837381834 -0.249638028318
10	4	27104	59.135658510027454	56.68104670379092	2.454611806236535	0.04150815037969543	0.04888279422440913	0.2971723382946738	0.2744308207892696	0.2927424170486151	0.26837650841825744	-0.022741517505404207	-0.004429921246058732	-0.006054312371012172	2.2796801406335017	1.225272939800724	0.4930207681773704	1.225272939800724	6.927680229627237	0.5657536305195547	3.690100955262688	0.4023359688633521	2.2905830720768425	0.2766361729107357	1.8665246498426036	10.349950065511445	35.49885984072941	0.19386011086819255	0.6222516344375112	17	2	-1 -2 1 2 2 1 1 1 -1 -2 -1 1 1 0 -2 1 -1 0 0 0 1	-0.464056309856 -0.506979231823 0.994930091075 -0.432752740141 0.155492508223 -0.658921348718 -0.30292680681 0.251797594681 -0.0608853543559 1.31585699246 0.457883651427 -0.371843091724 -0.0828156249982 0.00744427616431 0.871136219218 -0.191176669971 0.220069374551
11	1	8996	53.16263694879429	52.61330662261295	0.5493303261813338	0.010333015021629631	0.002363308632084919	0.2320668686864697	0.33065464587479987	0.23144221427084977	0.2627077956935211	0.09858777718833017	-0.0006246544156199296	0.0306409270070514	1.859868677547636	0.9568362118006583	0.39074108518387074	0.9568362118006583	5.237918734208588	0.6816620152715013	3.508076213780373	0.3180868985551829	2.1738418653297975	0.27079299757939296	1.8524943148966464	10.452873005379653	28.48658219637338	0.19875298153289728	0.5177736390922194	16	2	0 -2 1 2 1 1 2 2 -2 -1 -1 1 0 1 0 0 -1 -1 -1 0 -1	0.390741085184 0.895604260157 0.0662964164665 0.276968699772 -0.280082321079 -0.340703451714 0.0731645411196 -0.275254543751 0.187328625289 0.257079385734 0.332956406374 -0.268318028126 -0.155471233729 0.278768511415 -0.953909575593 0.922274145004 0.0335164383025
11	2	43039	61.78454414372379	61.165724578237885	0.6188195654859072	0.010015766468170475	0.0019226917684758663	0.29255212863897906	0.2939053592384358	0.2631096136838398	0.30356269634316674	0.001353230599456745	-0.029442514955139276	0.01101056770418768	1.9568392514257111	1.206223327377796	0.4344130050211178	1.206223327377796	10.033035913213213	0.6059014200375871	4.271613901873049	0.3616095761113098	2.254705110739986	0.31290526525504414	2.0628768282542866	12.57917817283116	30.41731256930804	0.22264781455197402	0.5163779228909713	16	3	0 -3 1 2 1 2 2 2 -1 -2 0 1 0 1 -1 1 -2 -1 0 0 -1	0.25060544432 0.00759717041469 -0.0877234668115 0.0192126487518 -0.797906238036 -0.196367898292 -0.322357330756 -0.647732869045 0.434413005021 -0.163990534599 0.843074221171 -0.652922028151 -0.332673405987 0.581552105747 -0.364918146312 0.663935108055 0.429032963308
11	3	41180	61.52251554375013	60.62082273463705	0.9016928091130794	0.014656305925460153	0.004346084518325656	0.2401813296976556	0.21708588589698702	0.2884289010533346	0.2988382055556861	-0.02309544380066858	0.048247571355678975	0.08175231965869906	1.9365946227397859	0.9902929916447339	0.473024622036052	0.9902929916447339	7.640727940842638	0.4475340186920304	3.0849299596134676	0.39640760817457454	3.1731750056967063	0.30803537161903405	2.0614130513058093	9.631318011964982	25.26950084049262	0.16664980854778755	0.4293475831894073	17	3	-1 -2 1 1 2 2 0 3 -1 -3 1 1 1 0 -1 1 -2 -1 0 -1 0	-0.0081584425132 0.0791352465612 -0.137422162668 0.832586866326 -0.977437130845 0.138942063347 -0.607709544365 -0.143809463445 0.473024622036 -0.038125118918 0.0173233841308 -0.967125720226 0.3309568555 -0.0748899283823 -0.204171847801 0.446718722715 0.387402855528
11	4	4719	49.95189357506063	49.023847065870854	0.9280465091897767	0.01857880538192691	0.01157620668936511	0.2840272783819624	0.30276266323185064	0.27109665623542656	0.3345276333699674	0.018735384849888237	-0.012930622146535842	0.05050035498800498	2.7841843339096384	1.1710744693255426	0.46339743803964567	1.1710744693255426	7.56327539937474	0.6241612199991143	3.5811285782653672	0.37258671613680816	2.678047191295171	0.3448231917680687	2.6534528930636068	7.306706486993756	19.205355019091677	0.14166297460385965	0.3625655663037943	11	1	0 1 -1 -1 0 -1 0 -1 1 1 0 0 0 0 1 0 1 1 -1 0 0	0.248799910302 0.0644684882897 0.643013001618 -0.196423679494 0.632243890191 0.373330138857 1.37387222695 -0.413903280938 0.0881797570295 0.846167788225 -0.46339743804 0.719814867067 -0.774095224056 -0.804074722399 0.877684922749 -1.01916685298 0.352406858243
12	1	39110	61.22373333024931	60.99349545980125	0.23023787044805744	0.003760598348456185	0.0004405992149323079	0.25768570227059884	0.2800130680762025	0.28356062167257634	0.2522014761938343	0.022327365805603683	0.025874919401977503	-0.00548422607676452	2.1443871299886346	1.0624653686731438	0.4985835368041226	1.0624653686731438	8.198804523019884	0.5772617281157257	4.304077023197386	0.38971679814061355	2.643268180366796	0.2599633313209692	1.7645606939956113	11.711937196856695	25.811735009627547	0.2101605974110019	0.4549980895826898	16	2	0 -2 1 1 2 1 1 2 -2 -1 0 1 2 0 -2 1 -2 -1 0 0 1	-0.154066081645 -0.39387779196 0.663594102014 -0.501416463196 -0.0274983631895 -0.664864139573 -0.062607807203 0.0150008023283 -0.000108765087552 -0.215746502974 -0.793340488032 0.277926319564 -0.453672150141 0.89141814024 0.156873676131 0.967571062251 0.75257735651
12	2	15532	56.06860602478355	55.29926931711752	0.769336707666028	0.01372134536974157	0.004125610830729792	0.2931907139697381	0.28040331648866973	0.2445796093516041	0.30436488666591527	-0.012787397481068385	-0.048611104618134005	0.02396157017724554	1.9242611578689222	1.2088562821474858	0.46687487178243736	1.2088562821474858	6.544743175902383	0.5780662458281418	5.320447598139388	0.33614252107632286	2.313852937887453	0.3137321441131792	1.7991108814619694	10.087827555962974	27.195096954413852	0.19121095854810508	0.5361528395836408	17	2	0 2 -1 -2 -1 -1 -2 -2 1 2 1 -1 0 0 0 -1 1 1 1 -1 1	-0.781867463333 -0.0271365241542 0.222281786515 -0.390282325056 0.640535158013 0.0662926596112 0.560595636888 0.127638804956 0.204925325114 0.315639828682 -0.352979350511 -0.983372481069 0.621227878877 -0.533125128218 -0.27342897944 0.0731404207984 0.400326244628
12	3	46778	62.27950439861884	61.15679072957662	1.12271366904222	0.018027016751069685	0.009773291676680285	0.2844978100105863	0.34163714179724397	0.3220260615436027	0.22846023798288803	0.05713933178665764	0.037528251533016366	-0.056037572027698296	2.5032280128470363	1.173014520930553	0.4818892401148716	1.173014520930553	7.083249296744409	0.7043030106320776	5.418450315612925	0.44258248864864247	2.6238866168604185	0.2354914231142988	1.7211699108741156	9.818865021963482	18.24135494034158	0.17414028968269796	0.31945424675268297	16	2	-1 2 -1 -1 0 -1 -1 -2 0 1 -1 -2 -1 0 0 -2 2 1 1 0 1	0.23209402385 0.163099170411 -0.0411320683469 -0.700786203948 1.15445264305 0.688017977787 0.534145736398 0.736465037837 -0.718986119036 0.725325118587 0.135737797897 -0.920935854351 0.1740903692 -0.469854886246 -0.765979017996 -0.481889240115 -0.281902402762
12	4	26991	59.11487041157862	57.60645789764206	1.5084125139365625	0.025516634028535653	0.018244812945606023	0.2874780176200933	0.27448438452262386	0.3028828505697441	0.3520362254173579	-0.012993633097469426	0.015404832949650837	0.07755184089473405	2.276993405492305	1.1853022316908195	0.4451184198481321	1.1853022316908195	9.146163265014108	0.5658640549847158	3.1900801180409735	0.4162726616957418	1.9739014598464089	0.3628706353598788	2.615346058910874	9.340473194793022	28.27481743880497	0.16913924589849283	0.5047342324718395	18	2	0 -2 1 1 2 1 1 2 -1 -1 0 1 1 1 -1 1 -2 -1 -1 -1 0	-0.658492488581 -0.159474423212 0.593882797295 0.445118419848 -0.823267788677 -1.05678422105 0.0889919289708 -0.122212620738 0.169349547647 -0.273552198001 0.0926319193408 0.293278056865 -0.401127503891 0.385503251678 0.391150960281 1.15483564554 0.602615852962
13	1	1547	44.94572260181074	44.855951582243875	0.08977101956686795	0.001997320642993763	0.001902511314935715	0.221660704583046	0.2982504961257574	0.245656855919216	0.2758195292118066	0.0765897915427114	0.023996151336170002	0.05415882462876059	1.7774182114658674	0.9139304980447313	0.4517841989027614	0.9139304980447313	6.9570449860653625	0.6148591492096842	3.85254060924854	0.3376230548706889	2.399931680984898	0.2843082631371036	1.776823496589894	10.37623733873528	26.40099381444832	0.21655195513027328	0.5415136863836311	16	2	0 -2 1 1 2 1 1 2 -1 -1 0 1 1 0 -1 1 -2 -1 -1 0 0	0.141838559186 0.0439921048762 0.10484664798 -0.219662343399 0.314071027094 0.711306846728 1.05231709837 -0.326075566991 0.283022711853 -0.086291229223 -0.293570523776 0.0164262637723 -0.0931440812288 0.898349326498 -0.451784198903 0.0947810799562 0.238373250159
13	2	25652	58.8318987898679	58.45777355316691	0.3741252367009906	0.0063592242371314205	0.004445868546481355	0.2553197782966091	0.3449097109664133	0.310890987656738	0.2877889179109454	0.0895899326698042	0.05557120936012888	0.032469139614336284	1.837662478645645	1.0527104142262032	0.4609439107713109	1.0527104142262032	7.77090108769179	0.71104958480789	5.157256118998341	0.427278793387109	3.246862638084193	0.2966460266072596	2.2743991258774483	9.911782864938795	31.926681488278675	0.18406585620300034	0.5664976050228235	17	3	1 3 -2 -2 -1 -1 -2 -2 2 2 1 -1 0 0 1 -1 1 1 0 -1 0	0.681032239607 -0.291889528988 -0.225905488638 -0.163522401799 -0.338747660715 0.362652577196 -0.834892934237 -0.179038831789 0.214229382154 0.539056089229 0.0661965544449 -0.154045917156 0.68859278032 -0.890828041208 0.0915058920258 0.259652418472 0.25834662795
13	3	23992	58.46119928079713	57.051935584570465	1.4092636962266667	0.02410596624023706	0.01766331557656106	0.3047975026019655	0.29658145416471726	0.29891516296013493	0.3032271320591133	-0.008216048437248213	-0.005882339641830547	0.006645677894396018	2.2472723842379247	1.2567122976523772	0.4847259116740337	1.2567122976523772	7.100799100897401	0.611418331060206	4.219548108745612	0.41081959666111734	2.496565145008782	0.31255937350820984	1.992246980203006	9.280719094073739	22.43279101008258	0.1769319341708408	0.40906681428999603	15	2	0 2 -1 -2 -1 -1 -2 -2 1 1 1 -1 0 -1 1 0 2 1 0 0 0	-0.335703650806 0.43198263 0.32508972981 -0.449687427414 -0.215846417582 0.067221637629 -0.71380149604 0.693805622479 0.165445164368 1.30746138455 0.484725911674 0.194489746009 0.598531015902 -0.921854165974 0.376980823682 -0.14744990511 0.139694440755
13	4	41244	61.53265462601583	58.59616109514708	2.936493530868745	0.0477225230849573	0.06370408939800537	0.33533673435770167	0.3274456179968599	0.25467566443767886	0.29481389285049997	-0.007891116360841777	-0.08066106992002281	-0.032631725146359924	1.8809755774910055	1.3826287759064948	0.4859288128348146	1.3826287759064948	9.379134093170176	0.6750464348233524	4.526709422530544	0.3500182215836363	2.335944091738494	0.3038872050305346	2.5930493101482557	7.957423165618961	19.865279207612147	0.14616168935611928	0.3372095769485477	13	2	1 -1 0 1 0 0 1 1 0 0 0 1 -1 1 1 1 -1 0 -1 0 -2	0.514071187165 0.26889738349 0.590950935645 -0.655388316374 0.421809601357 0.276384298252 -0.613608453906 -0.293565319907 -0.723490309091 -0.116912050368 0.16439939697 0.33124805554 0.537672989231 -0.227749721989 -0.369018349079 0.308255030749 0.678021204165
14	1	40020	61.35478068400886	60.70483464544405	0.6499460385648064	0.010593241982432909	0.0006415011126034921	0.30544695527484467	0.2923510360601803	0.27340331385852285	0.3230245545095611	-0.013095919214664353	-0.03204364141632182	0.030673518449380766	3.1624158973817083	1.259390059621498	0.418284236291562	1.259390059621498	9.374465305149103	0.6026971007174405	3.723957890114995	0.3757569138108621	3.0891686992129332	0.33296608947775247	2.7707974281414467	10.626574984732057	25.20971637264771	0.19917378561631854	0.47002907011024697	12	2	-2 -1 1 0 0 1 -1 1 -1 -1 1 0 0 -1 0 0 0 0 1 0 1	0.418148769082 -0.94155931089 -0.369071441546 -0.391730399468 -0.640712843199 -1.17354956709 -0.813127014207 -0.150373881794 0.744759877935 0.588372555218 0.663612614098 0.71765647081 -0.16739634939 1.58171576371 0.590409349683 -0.991322753944 0.678891608384
14	2	16817	56.50154768713843	55.406865176085695	1.0946825110527314	0.019374380983583506	0.005713369284124852	0.319614969897175	0.3290505054753429	0.2595977155570284	0.29723618293801407	0.009435535578167897	-0.06001725434014665	-0.022378786959160957	1.5597163519899218	1.3178062804146615	0.4799906110876049	1.3178062804146615	7.023117629115881	0.6783549951188607	4.3701825309287985	0.3567829338035591	2.7424572103934723	0.3063840445022114	2.6107267236847274	12.128655330129092	26.982398295292334	0.2406706724441669	0.5708344296194793	14	2	0 -1 0 2 2 0 2 1 -1 -1 -2 1 0 1 -1 1 -1 0 -1 0 0	0.183066666563 0.402827303004 0.3500333136 0.352141789299 0.598230692513 0.729810771557 0.375924341558 0.419327193876 0.0558012962666 -0.520009388912 -0.327168625293 -0.192336181008 0.287612639841 -0.259606647142 -0.19514294123 0.349856892666 -0.233651980838
14	3	19989	57.43594014249142	56.24253342700027	1.1934067154911503	0.020778047900503704	0.009141390854599763	0.26028794881423617	0.3698607142276221	0.28521110361877844	0.26687079852468765	0.10957276541338595	0.02492315480454227	0.006582849710451477	1.526429424528906	1.0731947060364588	0.48449990518879943	1.0731947060364588	10.170365836273419	0.7624873957634374	3.9717948081416172	0.39198516860640226	2.7335102053616125	0.2750841226775542	1.7489953489219425	10.075566194691627	17.17719851581604	0.1901753636806925	0.3352161748305638	13	2	0 0 1 1 1 0 2 1 -1 0 -1 1 0 0 0 0 -1 -1 -1 1 -1	0.484499905189 -0.123473699165 0.298588901687 0.0340410742366 -0.237778050485 -0.211705708604 0.343740681301 0.107811264172 -0.341264093984 -0.128842876189 -0.257781145885 -0.262357381699 0.811109453119 0.239222659389 -0.243862112309 0.778010502383 0.332127738621
14	4	39963	61.347218239673744	59.879099213360675	1.4681190263130688	0.023931305582224824	0.015115369965719784	0.3432306761649058	0.2806138627211822	0.27287518632077795	0.2512921132364507	-0.0626168134437236	-0.07035548984412787	-0.02932174948473154	5.619663990645064	1.4151763317800767	0.48371732065112805	1.4151763317800767	10.302528284024698	0.5785002980060042	4.9434903629050115	0.37503107193688895	2.543023717859924	0.25902598143964	2.1078344505628026	10.852181278403256	18.989519965351654	0.20474054858408366	0.37925141674136775	18	3	1 3 -2 -2 -1 -1 -2 -2 2 2 0 -1 -1 1 1 -1 1 1 0 -1 0	-1.53661666867 1.56297189597 1.3931482093 0.687639271732 0.676764584497 0.481479451044 2.0605623379 1.48371732065 -0.290152194837 -0.377952863241 -0.208385495764 -0.911127430296 0.0630387626488 -2.48310295134 -1.32067199273 1.731428839 -2.28325773196
15	1	1449	44.61416146564753	44.414523791301264	0.19963767434626334	0.004474760205904182	0.002162551811137142	0.332493937394171	0.24451636081096978	0.3211608388361233	0.3079981698648962	-0.08797757658320121	-0.011333098558047705	0.06348180905392642	2.185327981828021	1.3709076237536726	0.4851333590890012	1.3709076237536726	8.076708703653118	0.5040833914076336	3.286752646784431	0.4413933537777689	2.360982719070368	0.31747724671247435	2.641780444562792	7.70247785274315	26.416376707898678	0.16652404841146737	0.5743007200866109	17	2	0 -2 1 2 2 1 2 2 -1 -2 -1 1 1 0 -1 1 -2 -1 -1 0 0	0.161678417461 -1.02429065633 -0.127649816965 0.198176873139 -0.595886636881 -0.410135786285 -0.54031677991 0.403725259616 0.203374909648 -0.521438961235 1.0574297453 0.331462927308 0.485133359089 -0.653372472167 0.361245251094 0.555400085827 -0.155072215648
15	2	30766	59.84825996853892	59.46733697728994	0.38092299124897977	0.006364813136576129	0.003123685949420316	0.30895476921388404	0.28225221066590583	0.31690272764626404	0.2582559556187994	-0.026702558547978206	0.007947958432379998	-0.023996255047106452	3.5414867865833806	1.2738531470071712	0.48651414041306157	1.2738531470071712	7.664691991306347	0.5818778388198087	3.9904084554499013	0.43554113971063085	2.9593469785234943	0.2662041458652841	2.1660376166916935	9.552839528274712	27.955215361465687	0.17405641975507646	0.5044358800298663	16	3	1 3 -2 -2 -1 -2 -2 -2 2 2 0 -1 0 0 1 -1 2 1 0 -1 0	-1.08223252814 -0.190185537571 -0.784465233232 1.06701226474 -0.338154468671 0.079150173942 -0.35726412236 -1.5378925529 -0.562345373916 -1.20201155498 0.46953817814 1.21432571959 0.209997700574 -0.568315306318 1.10201797862 0.486514140413 -1.30120234438
15	3	37740	61.00960030046522	59.78435393386923	1.2252463665959965	0.020082845331911698	0.012594861937085762	0.3099438312722669	0.23933440523887908	0.2828893259431208	0.25029462068535596	-0.0706094260333878	-0.027054505329146106	0.010960215446476879	1.788897004590787	1.2779311543441745	0.49626523672204537	1.2779311543441745	9.052330933639029	0.4934005163221396	2.726299050953965	0.38879419040775637	2.076793104367472	0.25799778965240744	1.8055062789196594	11.229401594915124	21.547097231799448	0.20523804194287903	0.42622742089359633	17	3	-1 -3 2 2 2 2 1 3 -2 -3 0 1 1 0 -2 1 -2 -1 0 0 1	0.526638705542 0.247689950591 -0.0611084208719 -0.523817480641 -0.594030792715 -0.301646414778 0.168900086129 0.943758452388 0.0994767683147 -0.000491981543911 0.496265236722 -0.587129969196 0.261181201859 -0.066503175425 -0.608146828413 0.420334888885 0.0143364452574
15	4	17262	56.650170158842315	54.410461760906855	2.239708397935459	0.03953577529697625	0.04793656514687331	0.2818416022599822	0.3102435540947228	0.34774305580002834	0.23451594842949727	0.02840195183474059	0.06590145354004612	-0.047325653830484954	1.8097176770345653	1.162062695811228	0.4967613497860891	1.162062695811228	10.831582035377547	0.6395834715997843	4.773221793295989	0.47792711654619097	2.6109135004905992	0.24173350656668038	1.877601780426542	9.596829331978347	35.89779511463008	0.18222753363640085	0.6410569420213914	14	2	0 -2 1 2 1 2 1 2 -1 -2 0 1 1 0 -1 0 -2 -1 0 0 0	0.225743231363 -0.729292375461 0.173473806138 -0.180393264443 0.27417719008 -0.517576242436 -0.06095568144 0.874676783189 0.271029921852 -0.0804982773773 0.503238650214 0.0185702440641 0.79097334194 -0.203003418543 0.150214999007 0.546586787548 -0.442809635579
16	1	32325	60.112992658613344	59.849146689052446	0.26384596956089723	0.0043891670983559295	0.0023690973337616448	0.2111717378931212	0.31884364581366065	0.3136565075887555	0.282624935783252	0.10767190792053946	0.10248476969563433	0.0714531978901308	2.5338909054162224	0.8706833804785861	0.3973594550004381	0.8706833804785861	7.29951055507928	0.6573130148733746	4.004350822824417	0.43107963698359547	3.0373028386246377	0.291323115666939	1.7493203465760938	9.216101612362948	17.664563759374005	0.1714041380525372	0.31312265938148737	18	3	0 -2 1 1 2 2 1 3 -1 -2 0 1 1 1 -1 1 -3 -1 -1 -1 0	0.0429080528137 -0.14298789398 -1.0846590641 0.255280540964 0.801612544243 0.727258229192 0.0897642338296 -0.173868409211 -1.1731141418 0.807471443339 -0.695796838446 -0.211128797148 0.602640545 0.0355043482015 0.156036923563 0.346444221192 0.938703979638
16	2	34385	60.48355011763154	58.782843759372646	1.7007063582588913	0.02811849428400399	0.01443543205910697	0.28556823725926755	0.2891388482553481	0.2795487932975685	0.28838359896023413	0.0035706109960805255	-0.006019443961699067	0.002815361700966579	2.3192740373715006	1.177428005541405	0.456279506671521	1.177428005541405	7.035856887177976	0.5960750059131183	3.3198442220109228	0.384203067426611	2.8579774267930422	0.29725900980220216	1.873969777161561	8.91217441074764	21.469581740567815	0.16510659897111532	0.3832064328254476	18	3	0 -2 1 1 2 1 1 3 -1 -1 0 1 1 1 -1 1 -3 -1 -1 -1 0	0.456279506672 0.619202864029 -0.947043523363 0.0483174904779 0.215328320647 -0.195060783948 0.267632778125 0.603091610366 -1.08969795165 0.575640281382 -0.56705972759 0.266957710364 0.731085601718 -0.00833665876189 -0.863526116002 -0.386241385483 0.165526885709
16	3	39040	61.21366412629797	59.018208556933914	2.195455569364057	0.03586544933553273	0.026321072920012848	0.30159884641471474	0.29173842422432067	0.28733134984752146	0.30523467680173766	-0.00986042219039407	-0.014267496567193283	0.01349625257741699	3.4792925499083993	1.243523900332307	0.4837125290922022	1.243523900332307	7.4739357812839025	0.6014341690640641	4.334583936885936	0.3948991683242105	3.3233383963411645	0.3146287032637083	2.5841519393767522	10.383628169354136	18.76128322465144	0.19762403628432632	0.361833181175656	16	3	0 -2 0 1 2 1 2 3 -2 -1 0 2 1 1 -1 1 -2 -1 -1 0 0	0.71917795446 1.20634269736 -0.107589012706 -0.805361822008 -0.516287470908 -0.132878705836 0.676520383832 0.667038935109 -0.835555112138 0.421046645714 -0.919494314358 1.42440235304 0.335859474624 0.920422000646 -1.67130433663 -0.678977073145 -0.567373688314
16	4	34266	60.46487324295545	57.61853688188434	2.84633636107111	0.04707421364523784	0.05948843559267587	0.2612821880894794	0.26418952695944686	0.3337828437608944	0.2921093306291294	0.0029073388699674685	0.072500655671415	0.03082714253965002	3.482194620450503	1.0772940595854243	0.4754614387118616	1.0772940595854243	4.757559907146815	0.5446406624178819	2.410422832308128	0.4587406402817347	3.666187196081485	0.30109940610309316	2.431279189678234	10.333576416777776	19.50469824928244	0.20109303932042188	0.4588976772775666	14	2	0 -2 0 1 2 0 2 2 -1 0 0 1 1 1 -1 1 -2 -1 -1 0 0	1.20156910454 1.18548274997 -0.475461438712 -1.17670351893 -0.856843438214 -0.752505139448 0.529565233717 1.10395072208 -0.0764680901988 0.151864908209 -0.567903538551 0.944349684249 -0.0228808189426 0.123280636103 -1.41660986683 -1.06640195179 -0.680673493613
17	1	9848	53.62779792874582	53.27749636213618	0.3503015666096374	0.00653208932940107	0.004675053672826501	0.2491787671924137	0.2866630479050738	0.21625827283308735	0.3146873439709804	0.037484280712660106	-0.03292049435932634	0.06550857677856672	2.505837383929264	1.0273903767955144	0.40996893038818294	1.0273903767955144	6.360679582335103	0.5909710127370573	2.805016354488393	0.2972185671014872	2.360843158678649	0.32437228955935726	2.0570961642446193	8.714211685134373	27.092339878963024	0.16993182037921392	0.49029679312403635	12	2	0 -1 0 1 1 1 1 2 -1 -1 0 0 0 0 0 0 -1 -1 -1 0 -1	0.112888162736 -0.693990257304 -0.620623050871 -0.244503916117 1.05925427754 1.13699487507 0.655745568463 0.32256572831 -0.113338279106 -0.590031069612 0.676389898302 0.00883450115001 1.00156568546 -0.00059995000558 -0.148498289058 -0.677250321559 -0.297748686238
17	2	37272	60.94117555935188	59.77909175298924	1.162083806362645	0.01906894305363157	0.007744938702622444	0.263517101967344	0.35419743883160604	0.2997763286298269	0.26030464371565093	0.09068033686426202	0.03625922666248288	-0.0032124582516930844	3.568166936664556	1.0865088455680187	0.4953711820657569	1.0865088455680187	7.622809821829412	0.7301967263129809	3.9337033041845824	0.4120031556668825	3.1050680537288327	0.26831588521960026	1.5633811078409299	7.008999217292609	19.870749866718747	0.13323545294940162	0.3560621663244267	13	2	-1 1 -1 -1 0 -1 -1 -2 1 1 0 -1 0 0 0 0 1 1 0 0 1	-0.247656924598 0.901146857951 0.702007001126 1.21359818887 -0.904867845059 -1.4400207901 -1.49537118207 0.125722828492 0.292235868484 -0.0746325536308 -1.28900721313 1.21259951206 -0.224836482726 0.226934311029 0.332686159725 0.860230993014 0.756807324833
17	3	27675	59.24562365586143	57.12276106201336	2.122862593848069	0.03583155114003167	0.0306185918658079	0.3219691892384486	0.27206870395739696	0.25164725304455393	0.31270892076089213	-0.04990048528105162	-0.07032193619389465	0.040640216803495166	2.1796384415860346	1.3275129754246044	0.45455286452547955	1.3275129754246044	8.370903645268402	0.5608840019206246	3.7648909504726666	0.34585606823307713	1.7204512352757786	0.3223329775925154	2.285059449574091	8.024580139508961	27.284276069070195	0.15279330682309378	0.50582638939422	13	2	0 -1 0 1 1 1 1 2 -1 -1 0 0 0 1 0 0 -2 0 -1 -1 -1	-0.682911389159 0.0421897770372 -0.322742434141 0.665875806401 0.296796741025 0.0472083626257 -0.120593365664 0.132157987642 1.42864182259 -0.454552864525 -0.182978250337 -0.427665317068 0.382738379231 -0.641619302859 0.575218197052 0.264618930899 0.435568042304
17	4	43537	61.85332967889388	59.41155400290134	2.441775675992538	0.03947686710915648	0.03772146311121812	0.30338017820629576	0.2662520160691255	0.2637177760428695	0.23907331612394245	-0.03712816213717024	-0.03966240216342626	-0.02717869994518307	4.222130034768169	1.2508685194632663	0.4909032905659273	1.2508685194632663	8.90860085513343	0.5488925926433275	4.014995467075693	0.3624454153259112	2.228596996368607	0.2464311336614241	2.173432134029927	7.421317186331552	25.575928894799784	0.13914959946920333	0.45815170627261137	12	2	0 1 0 -1 -1 -1 -1 -2 1 2 0 -1 0 0 0 -1 1 1 0 0 0	-0.0335990396811 1.7893462123 0.559343497797 1.42931171229 -0.907086449943 -1.5730277756 -1.73437919179 0.509096709434 0.815720183664 0.0159289585057 -1.41392938063 0.977105983618 -0.406156327764 -0.241635482078 0.314084016677 1.32575471199 0.0633463188139
18	1	19979	57.43285149006954	57.20248458864407	0.23036690142546945	0.004011065016775306	0.0007608978594741795	0.25788473984274474	0.3189112950708292	0.22562148719156758	0.30319582232994524	0.06102655522808448	-0.03226325265117716	0.045311082487200505	1.5291999565071883	1.0632860216065676	0.39594967824506344	1.0632860216065676	6.982939391682817	0.6574524773897749	5.327380788157424	0.3100870743665918	1.8805928883084013	0.3125271001780925	2.165336400308952	10.852794002075296	32.795793275467304	0.20625823469526	0.572200360341503	13	2	0 -1 0 0 2 1 0 2 0 -1 1 1 1 0 -1 1 -2 -1 0 -1 0	0.0742562438479 0.0949790885513 0.264345208526 -0.274159343519 0.622733664269 0.312283753313 0.855536368845 -0.38816021725 -0.395949678245 0.296633728387 0.0519073108316 0.01683051464 0.0677626066267 -0.265202777252 0.245630432609 0.625667638505 -0.191004252089
18	2	44452	61.973373482493486	61.49706020842007	0.4763132740734122	0.007685772894192427	0.0017220319977573537	0.2549088597630868	0.2546805971871603	0.3066488793218518	0.2551941616188417	-0.00022826257592650778	0.051740019558765005	0.0005135644316813792	1.8257950374016725	1.0510161537089664	0.4592495240244156	1.0510161537089664	6.580158470271124	0.525037501499023	4.375998466920975	0.42144857314042616	3.1866577220673715	0.26304812084885715	1.7428770249374383	11.494577659425829	27.619590599488603	0.21495511898549446	0.5264964708269434	13	1	0 -1 0 1 1 1 1 1 0 -1 -1 0 -1 1 0 0 -1 0 -1 0 -1	0.239921622673 -0.0521510152658 1.1770158556 0.00822623825343 0.430619649381 -0.162595644715 0.18879537085 0.459249524024 -0.0517539274725 0.891309943002 0.311209022474 -0.546120483017 -0.0819608896814 -0.0283121760006 -0.205820656829 0.424012864514 0.0866500226147
18	3	33250	60.27802089412758	59.71322926612019	0.5647916280073915	0.009369777236040853	0.003784465669489998	0.2518430761140969	0.27782109720606096	0.2822800923442768	0.27321687911911074	0.025978021091964065	0.030437016230179914	0.021373803005013847	2.253339551713203	1.0383756038988896	0.4907711986640505	1.0383756038988896	5.383732209386025	0.5727428644027903	3.9150330544166247	0.3879568789148535	2.4854383342903468	0.2816255128274264	1.8360238677806573	9.588412112809968	25.198059219297615	0.17818427755778665	0.48024603270412974	17	3	0 2 -1 -1 -2 -1 -1 -3 1 2 0 -1 -1 -1 1 -1 3 1 0 1 0	-0.00122027173351 -0.509228801336 -0.760161819639 0.397226635788 -0.864475109251 -0.094025373677 -0.397394452514 0.900642807292 0.729820297102 -0.756726424102 -0.978602361551 -0.444617516185 0.0498287871409 -0.241602103338 -0.0367083353311 -0.157383871049 -0.0987893995399
18	4	34101	60.43619194160653	58.830552326868855	1.605639614737676	0.026567517958263245	0.02110490378646803	0.285716251044142	0.2663587194839477	0.2884989308712789	0.3082194383671145	-0.01935753156019432	0.0027826798271369246	0.041860718883166836	2.1131690299943324	1.1780382820104898	0.48091907823682967	1.1780382820104898	8.235385024234523	0.5491125673682905	4.568508040192788	0.3965038549533502	2.97678735878633	0.3177053250640414	2.850794159582964	8.017091487608642	28.669476090624805	0.14524043162130895	0.496562590168625	17	3	1 2 -1 -1 -2 -2 -1 -3 2 2 -1 -1 -1 0 1 -1 2 2 0 0 0	-0.126022511715 -0.312221002308 0.299789822151 0.990809025081 0.117379687896 -0.976978427839 -0.54969530643 0.954678101257 0.547612795353 -0.519080921763 0.381298224753 -0.137855797245 -0.13003136956 0.402351163888 -0.281021691664 -0.17625541476 0.275956701021
19	1	13050	55.121689116350225	54.59456842536134	0.5271206909888875	0.009562854466891375	0.008283618187681393	0.2548650334871787	0.3073715653494419	0.2673110114968709	0.2618289542238723	0.05250653186226317	0.012445978009692216	0.006963920736693607	1.7534259570413844	1.05083545334422	0.4454812899258557	1.05083545334422	9.529725764584104	0.6336627151235951	4.24338661935693	0.3673838450974319	2.5503542124275755	0.2698871085275092	1.9248293924976019	11.956268897141634	38.320096538787716	0.23535462662160148	0.6846933192657175	16	3	-1 -3 2 2 2 2 1 3 -2 -3 0 1 1 0 -1 1 -2 -1 0 0 0	0.237127621563 0.786952872089 -0.410863435938 0.905623787505 0.0383715334552 0.445481289926 -0.792547058817 -0.18753174494 -0.07258592572 -0.294179578883 0.239373574819 -0.419227747565 -0.12136100175 -0.0608992531993 -0.0506891375454 0.333707700972 0.299266960184
19	2	21495	57.836570080113944	55.935985107797194	1.90058497231675	0.032861301589705294	0.01844163173169945	0.25972070718277707	0.3354080716325922	0.312459086792123	0.3028245440127072	0.07568736444981511	0.05273837960934591	0.04310383682993013	2.573729298701636	1.0708559088747052	0.4461090959279685	1.0708559088747052	6.299373519807829	0.6914614535129561	5.1128951427333265	0.42943393950931974	3.380210854895437	0.312144395248474	2.510618481562591	10.605705081866928	33.29322057811321	0.19829749733930233	0.5884035084876357	16	2	0 -2 0 1 2 1 1 1 -1 -2 -1 1 0 1 -1 1 -1 0 0 -1 1	0.840894549385 -0.35374100144 0.446109095928 -0.220350731887 0.439553532259 1.23968752654 0.312399123918 0.882975288718 -0.232300551383 1.08698798868 -0.152016792285 0.345813770779 -0.102122788156 0.106879566186 -1.18812970939 0.270996911554 0.22772968201
19	3	42557	61.71322387469179	58.71447434835241	2.998749526339381	0.04859168486203732	0.054639632376652696	0.23692605657296092	0.25386246452121397	0.2578082483782932	0.2743709863309546	0.016936407948253046	0.020882191805332267	0.037444929757993656	3.1151946707348683	0.9768711567113832	0.4480111197677661	0.9768711567113832	6.626893439763677	0.5233508778002905	2.8395722533583565	0.354323546406392	2.7055015837728247	0.28281513931185626	2.0741342650202146	8.792523494250949	20.399702958702264	0.16368089452408568	0.36389634827346196	15	3	-2 -1 1 1 3 1 1 1 -2 -2 -1 0 1 0 -2 0 -1 0 0 0 1	0.0424534224124 -0.104315287787 0.957323719953 -0.67632261722 0.871471030295 1.44801111977 0.935038296003 1.0464758062 0.78965521172 0.880665544894 0.313078450112 0.446425038347 -0.399189124513 -0.762169809243 -1.00794713459 0.0214299657854 -0.197875360691
19	4	7725	52.394272927104836	48.79620127119517	3.5980716559096635	0.06867299525113352	0.12292405675588519	0.334299531088628	0.28341537796397065	0.317870933618175	0.23956692482986397	-0.05088415312465733	-0.016428597470453	-0.04384845313410668	2.8775931584425423	1.378352277272868	0.4996923394641046	1.378352277272868	12.252796141004108	0.5842757696349014	4.157888605491806	0.43687181154047827	3.495448675640696	0.24693993386948382	1.6865979141547467	10.125250837393523	21.674322166899195	0.20453747534402839	0.4294069803111495	14	2	-1 -2 1 2 2 1 2 2 -2 -2 -1 0 0 0 -1 0 -1 -1 0 0 0	0.600924939889 -0.465732106353 0.0701694156741 0.231479975712 0.26391951745 1.55805779834 -0.0314159728647 1.08221803286 -0.499692339464 0.803050210291 -0.447499278439 -0.557304839182 -0.653769680136 0.502140164186 -0.74616899469 0.871908341493 0.756742893219
20	1	1413	44.50710343681829	44.278359797270525	0.22874363954776555	0.0051394861018643255	0.0029652187850617087	0.282399251223392	0.3395908354012714	0.2692144343624185	0.22803743830730316	0.057191584177879395	-0.013184816860973503	-0.054361812916088825	2.7875600221698593	1.1643619413893824	0.4430735931415415	1.1643619413893824	8.112975647547222	0.7000844419255915	4.652092356534731	0.36999984960572135	2.3503637034303333	0.23505561118407048	1.749857495462261	10.860836224365528	24.104941213310966	0.22717050915885592	0.49171790187463194	16	3	1 3 -2 -2 -1 -1 -2 -2 2 2 0 -1 0 0 1 -1 1 1 0 -1 0	0.248536628789 0.298871608463 -0.276187030909 1.17178432128 -0.43044571935 -0.208983474644 -1.55692640686 -0.425560417074 -0.268625622105 -0.0634709637591 0.586574737974 0.733581396337 -0.0665043368628 -0.958037544635 1.14354525938 -0.280821046613 -0.262191601384
20	2	32007	60.06131387242202	59.5599856383383	0.5013282340837222	0.008346940846958627	0.00402708767430678	0.2924437544921346	0.29797916627280446	0.3544064557379671	0.2932519565785523	0.005535411780669852	0.061962701245832474	0.0008082020864176864	4.0765198967886525	1.20577648932327	0.4967787835899289	1.20577648932327	9.158092146574708	0.6142997883881302	4.637074807719431	0.48708508380280946	3.482898540602981	0.3022771979731037	2.106045236926213	10.359980075894905	18.54298373593756	0.18863537896837854	0.318289617490399	14	2	-1 -1 1 1 1 1 2 2 -1 -1 0 0 0 0 0 0 -2 -1 -1 0 -1	0.698455985485 0.753231267336 -0.380484493156 0.813028032173 2.15849815583 -0.875121554782 0.803767913911 0.49677878359 0.544753134301 0.817473800977 -0.82071518492 0.826682251195 -1.38094678658 0.513538470959 -1.32507023961 -1.0153756994 -1.07690213006
20	3	41500	61.56847100735508	59.74932983414611	1.819141173208969	0.02954663553349654	0.020355826254207406	0.30218673146961356	0.3360400394882668	0.2871614698658331	0.26649631178000566	0.033853308018653216	-0.015025261603780482	-0.0356904196896079	4.27950617799828	1.245947812509377	0.4672646845456694	1.245947812509377	9.046596983327174	0.6927642886234268	5.990930782136227	0.3946656906214844	3.505048279926965	0.27469811057662485	1.769090564979261	9.19843835903707	19.3875939232037	0.16389664228985049	0.3370887893352224	16	3	0 -2 1 2 1 1 3 2 -2 -1 -1 1 0 1 0 0 -2 -1 -1 0 -1	0.44397562978 0.689493512097 -0.218197669395 1.43005923307 2.21061727032 -0.774798199468 0.123104133933 0.532735315454 0.659833523194 0.770215477497 -1.27027459683 0.897257741489 -0.8968558956 0.434283502137 -1.33733580307 -0.777994105103 -1.71140282225
20	4	47170	62.33016526513213	60.189533196477406	2.1406320686547247	0.03434343643321298	0.026947427472351338	0.29783241314622233	0.27780257094124405	0.3092679574820965	0.28948089984573855	-0.020029842204978276	0.011435544335874182	0.011678328904494495	2.692866164941946	1.2279944981344726	0.4794703937972824	1.2279944981344726	8.428361312245944	0.5727046715294463	4.1201507967909885	0.4250481517725718	3.332365464021474	0.2983900816657068	1.9728088663821397	10.67217817760732	28.991339183918246	0.19447337654529198	0.4967117041512937	13	2	0 0 -1 -1 -1 0 -2 -1 1 0 1 0 -1 0 1 1 1 1 1 0 0	-0.153602960032 -0.337322509967 0.556446184629 -1.4794703938 -0.268672524875 0.112007268721 0.552478996603 0.217646469368 0.0650770642652 -0.434660595295 0.195914647244 -0.915758932458 1.05047347388 0.586401661802 -0.141170419616 0.355180665757 1.23074920425
21	1	49342	62.600000890689344	61.98507072927204	0.6149301614173055	0.009823165378081738	8.017317405596088e-05	0.23912156833656256	0.29949777139622585	0.2542512482716084	0.3083451706044151	0.06037620305966329	0.015129679935045826	0.06922360226785251	2.569509482552184	0.985923483614999	0.4197791946157486	0.985923483614999	5.583078280803521	0.6174304730518655	3.953512989748556	0.34943491735632703	2.184691400755484	0.31783492688777526	1.9497059077138752	9.850249265371335	25.325750642580797	0.17808009390924462	0.42427225909893074	14	2	-1 -2 2 1 1 2 1 2 -2 -2 0 0 1 0 -1 0 -1 -1 0 0 0	0.0566088627356 -0.268433943758 -1.10351069878 -0.24858596616 0.870899214858 1.29794768988 -0.860637482775 0.0126428254591 -0.672553286874 0.419779194616 0.631253629479 -0.254571693096 -0.041176877555 0.185499838463 -0.878364930042 0.403899121491 0.0316363883403
21	2	29133	59.53898456264156	58.767383972490634	0.7716005901509249	0.012959585989228892	0.004489697747133809	0.3106170936730513	0.2962056698874176	0.3032742982648136	0.2893003000450128	-0.014411423785633704	-0.007342795408237679	-0.006905369842404807	1.7110578519153699	1.2807070863363654	0.4902152710669513	1.2807070863363654	8.357306021289372	0.6106436319263295	3.6285984264931237	0.41681065509363374	2.783725985994712	0.2982039236521173	2.13699673804559	9.252416715973485	24.804303364124603	0.1708804864139607	0.4396052555878637	18	3	-1 -3 1 1 3 1 2 2 -2 -2 0 1 1 1 -2 1 -2 -1 0 0 1	0.653096971125 -0.513124462799 -0.724552343751 -0.317873829876 0.490215271067 0.352990060641 0.213824899596 -0.203750041964 0.0640476789063 0.575730070854 -0.124717214505 -0.119643694956 -0.540176560448 -0.637073756828 -0.0359589590444 0.249250709415 -0.1822352981
21	3	24074	58.47903932571654	57.511361867040314	0.9676774586762278	0.016547423997279744	0.00915978513589353	0.2237822579476674	0.28818191542303884	0.28643507242607597	0.24413621116982526	0.06439965747537144	0.06265281447840856	0.020353953222157856	1.6084286301181647	0.92267788665745	0.44958571049749196	0.92267788665745	7.40209376958598	0.5941022383410022	4.276734527262917	0.39366735283138526	1.7758111910805356	0.2516498464228219	1.6715984334679692	12.742626592538091	26.00958289643697	0.24102621595246992	0.4767899959302408	16	2	0 2 -1 -1 -2 -1 -1 -2 1 1 0 -1 -1 -1 2 -1 2 1 0 0 0	-0.564154387032 0.161063861974 0.738757525622 -0.0441689550021 -0.0913928319859 -0.138419020124 -0.201483542448 -0.0116132221766 0.550414289503 -0.719457526679 0.0322297509284 0.223083883716 0.795070358994 -0.0106333308794 0.32116074176 0.0315239231499 -0.138225388985
21	4	46990	62.307254026768206	61.020157056322915	1.2870969704452904	0.020657257177347805	0.01282770784895374	0.2591271012736423	0.30223353382144413	0.25692607515532795	0.2880421622988254	0.04310643254780183	-0.002201026118314353	0.028915061025183098	1.7575573447129125	1.0684084090113517	0.44201537263203977	1.0684084090113517	8.252990690766381	0.6230703917747509	3.787979127332564	0.3531111152802662	2.480801157478096	0.29690706494734054	1.8900313310379402	10.582356267744903	29.758502094748025	0.203008864681804	0.5339171494973654	17	3	-1 -1 0 1 3 1 1 2 -1 -2 0 1 1 0 -1 1 -2 -1 -1 0 1	0.288983648459 -0.14511248514 -0.605841998731 -0.624239190984 -0.236603411279 0.442015372632 0.0222551074319 -0.310210329319 0.273180720699 0.340091029574 0.818547020245 0.187210730027 0.141091842003 -0.00856148614252 -0.0165943731966 0.925127435794 -0.328879904371
22	1	44583	61.9895200843106	60.908737753399464	1.0807823309111342	0.017434920119419953	0.0005830317651789304	0.2628484740301692	0.24356615776133894	0.18133604983694648	0.29180211011439805	-0.019282316268830257	-0.08151242419322272	0.04823595235305911	1.7818876520914697	1.0837520219588082	0.4827444873998502	1.0837520219588082	8.417611433129954	0.5021244976379277	3.4076427296146097	0.24922256240333282	1.8772669207857908	0.3007827304449447	1.6238391898548565	11.562975470288857	36.66736414317578	0.21114051241876095	0.6380596528612751	16	2	0 -1 0 1 1 1 1 2 -1 0 1 1 1 0 -1 1 -2 -1 -1 0 -1	-0.4827444874 0.365666851693 -0.0127560665713 -0.275362629799 0.983830023389 0.753779594738 -0.0933240536411 0.0632902421865 -0.373625083685 -0.608257938301 0.65443502336 0.0533840260796 -0.0445926730714 0.0221899097681 0.0594293823442 0.32994598939 -0.357737353665
22	2	32928	60.22021403670868	58.699131415198686	1.521082621509997	0.025258671790551666	0.011198230800160837	0.23757362877479107	0.27082815747302896	0.26576099723210334	0.30576474776524293	0.03325452869823789	0.028187368457312262	0.06819111899045185	3.279967698882804	0.9795411652997428	0.42792846853709526	0.9795411652997428	7.065302242452548	0.5583265498263557	4.083034320903765	0.36525355425248157	2.7790163637031924	0.3151750879066096	2.0871333671024965	8.401687567523108	23.130999457615445	0.15195565529242328	0.43023012300301244	13	2	0 1 0 0 -1 0 -1 -2 1 0 -1 -1 0 -1 0 -1 1 1 1 0 1	0.427928468537 -0.035874062808 0.611849579496 0.982665792758 -2.26524809905 -0.942976918073 -0.317102830887 0.16306613545 0.808748469848 0.902078429578 0.0572048952721 0.119398910271 -0.36030007652 -0.23344554834 -0.610957537223 0.154674192924 1.00957068052
22	3	25621	58.82590198685199	57.18318684536998	1.6427151414820074	0.02792503108323211	0.022356252513067953	0.3067598915154885	0.20785400191085276	0.2569073563995273	0.2669037999733494	-0.09890588960463573	-0.049852535115961216	0.05904979806249663	3.3684419573235616	1.2648034344213737	0.47532404801712247	1.2648034344213737	11.932683015501965	0.4285020022928905	3.4352284322964635	0.3530853888111507	3.3294732293983307	0.27511813979221195	1.658820476971289	9.553770730578638	26.075314425915472	0.17940455338115613	0.4817478869313671	14	2	0 2 -1 -1 -1 0 -2 -2 1 1 0 0 0 -1 0 -1 2 1 1 0 1	0.473307600636 0.0312593857249 0.61700473299 0.690680372657 -2.00634023088 -0.628603939125 0.00294183349386 -0.678708841638 0.581018999272 1.12971423802 0.475324048017 0.94611510579 -0.43865976868 -0.525160769896 -0.98387677339 -0.21314055881 1.07977251153
22	4	13050	55.121689116350225	52.7871218177678	2.334567298582428	0.042352970963111275	0.05579010856453558	0.31585090386364534	0.33223647244680776	0.2902004894812572	0.24864974480577234	0.016385568583162424	-0.02565041438238813	-0.067201159057873	3.048818701999182	1.302286638576619	0.47825082028398025	1.302286638576619	9.358159946063493	0.6849230342903999	4.8900006478176605	0.3988424235790568	2.7776739381456106	0.2563022904042689	1.3103275627256568	9.51432594221751	18.617837714518423	0.19131955645773685	0.389853381454999	16	3	-1 -3 2 2 2 2 1 3 -2 -3 0 1 1 0 -1 1 -2 -1 0 0 0	-0.463380073775 1.29204179247 0.890803975544 1.44508108963 -0.250723522597 -0.733449875531 -1.11356278755 -0.297912507257 -0.548810294611 -0.831384140985 0.74430375429 -0.243199363458 0.700234783707 0.408971412232 -0.0856187060062 -0.478250820284 -0.317268416008
23	1	33074	60.244642758610496	59.53543215641747	0.7092106021930249	0.011772177071988042	0.0028149190710767065	0.2858489604156959	0.29975211749340697	0.23954873864665072	0.3254760881534223	0.013903157077711059	-0.04630022176904519	0.03962712773772642	4.337210833673128	1.1785854567669158	0.4763486179567463	1.1785854567669158	7.48751916981056	0.6179548209639362	3.9520219744962604	0.32922825064120675	2.1185269104557882	0.3354930725173513	3.009948422972378	10.255963719343969	26.757403174033218	0.18397935116861955	0.4707387201553879	16	2	1 2 -2 -1 0 -1 -2 -2 2 1 -1 -1 0 0 0 -1 1 2 0 -1 1	0.348704433702 -0.865248090393 1.59530031866 -1.30895103198 1.89489529814 1.0110808879 0.289388643506 0.877997863944 -1.28942945493 -1.30073526144 -0.752853527993 0.0395070165978 1.36380252037 0.13881892578 -0.605944970454 0.523651382043 1.33108084338
23	2	26723	59.06647290748282	57.94110960298997	1.1253633044928506	0.01905248864707959	0.01262692269025837	0.32063976564165747	0.2929423275343005	0.2978009472098144	0.31223742363682405	-0.027697438107356975	-0.022838818431843044	0.019295096102523557	4.1189579049565035	1.3220316215138461	0.4893531902601236	1.3220316215138461	8.877726627179946	0.6039160793191028	4.628264741215477	0.409288253585018	2.612323656648636	0.32184696948133845	2.2133423460593065	13.095162031515404	27.541759701964	0.24488843127718016	0.4850876258051396	15	2	1 -1 0 1 1 -1 2 2 -1 0 -1 1 0 1 0 1 -1 0 -2 0 -1	0.875481720133 -1.52970801633 2.70370630599 -0.485918267193 1.31359575366 0.382668831773 -0.157335180369 1.0179951505 -0.48935319026 -1.33817349459 0.0949522461182 -0.6241958988 -0.245642140611 -0.179731454066 -0.658996290203 0.228616195206 0.610050048735
23	3	19342	57.25851145565345	55.240639273252896	2.017872182400552	0.03524143627036809	0.03667437418317081	0.3041903402198756	0.28298482563224725	0.24732485735019444	0.30722055455828484	-0.02120551458762837	-0.05686548286968118	0.024235728926037592	4.162968555354829	1.2542089030191195	0.48605388149388606	1.2542089030191195	9.142404159918039	0.5833881632643757	4.037317982191266	0.339915503565224	2.798501459300361	0.3166756992011604	2.09435149786024	8.88084043196565	31.22134810333356	0.17032161537332025	0.5672157609038782	12	1	0 1 -1 -1 1 -1 -1 0 0 1 0 0 1 0 -1 0 0 1 0 -1 1	0.0891286774057 -1.01815136583 1.66444904359 -1.3197239626 1.90540895324 0.725246481038 0.738992861569 0.386348281742 -0.513946118506 -1.11082261431 -0.677701498761 0.339807413962 0.796452089103 0.473970060904 -0.412894589484 0.370289918144 1.91894031243
23	4	46073	62.185677570979664	58.78181615149008	3.403861419489587	0.05473706410297401	0.06991052578666934	0.28057562013974363	0.2830966975825374	0.27881279008229565	0.2884471320834632	0.0025210774427937843	-0.0017628300574479838	0.007871511943719545	2.364345262429184	1.156842917809341	0.47254836853993054	1.156842917809341	7.9009196045436445	0.5836187931981709	3.9179175721391557	0.38319152776082294	3.09837283820381	0.29732449824665186	1.7077495418325497	12.846485486838	28.921470759036808	0.228969996456791	0.5114894061145395	18	2	-1 2 -1 -2 -1 -1 -2 -2 1 2 1 -1 0 -1 0 -1 2 1 1 0 1	-0.533668300994 0.00901084237579 -0.580659533753 -0.631235652776 0.687026144934 -0.0952807472097 0.52745163146 -0.693052679466 -0.112922856268 0.210275302148 -0.183464589775 0.611140240523 0.770906514994 0.958601745299 0.261908824616 -0.0474576502272 1.13217904754
24	1	13773	55.41956489088696	55.128970795564875	0.2905940953220849	0.005243528993672583	0.0008009451152359785	0.22653243991298455	0.32943736836372056	0.28646388599328093	0.3071488930740708	0.10290492845073601	0.05993144608029638	0.08061645316108623	2.914036628181367	0.9340171773901214	0.395767482439326	0.9340171773901214	6.931455968454304	0.6791525333945668	4.941902787422036	0.3937069532917309	2.2903356748520904	0.3166018322339847	1.9329098118114074	8.885856290952345	19.061772267602457	0.17099631611687482	0.3591883986564277	15	2	0 -2 1 2 1 1 2 2 -1 -1 0 0 0 1 -1 0 -2 -1 -1 0 -1	0.0641910497038 -0.729460080888 -0.182373111673 1.15579420198 0.313495348081 -0.897884416615 0.109745781649 0.604232517561 -0.800853799475 1.69909597587 -0.303708687694 0.0346857011322 -0.742725099741 0.117221302167 -0.120434763705 0.680550437673 -0.799918185691
24	2	29053	59.52310335187857	58.855144624391265	0.6679587274873029	0.011221839754197258	0.0019022446486854489	0.3194471498557024	0.3005143498642387	0.2537390836898082	0.2960896220573635	-0.01893279999146369	-0.0657080661658942	-0.004424727806875195	2.650973913860828	1.3171143406575743	0.4964550532054098	1.3171143406575743	8.527480458471853	0.6195262032520382	4.0550517353701405	0.3487310144668394	2.631422843790741	0.30520219659793063	1.9480786868368236	11.046946745796573	25.822844838772262	0.20460899343216687	0.4971577554424812	15	2	1 2 -2 -1 -1 -2 -1 -2 1 2 -1 0 -1 0 1 0 2 2 0 0 0	-0.376872499818 0.496455053205 0.465943169451 -1.01011226553 -0.318767395614 0.367633888458 -0.727325900509 -0.267674146899 0.588686081914 -0.921916208823 1.24811833398 0.237336161705 0.588282763099 -0.159549768115 -0.935727234686 -0.338193526186 0.62626746426
24	3	23281	58.29584461722469	57.5678177210815	0.7280268961431915	0.01248848697404551	0.0030235678100158188	0.3027506137381985	0.3165962997117798	0.30642248341707906	0.2868511203025313	0.013845685973581323	0.003671869678880557	-0.01589949343566721	3.2803291318259915	1.2482727586631654	0.4983510018722211	1.2482727586631654	7.925640276838834	0.6526799921956872	4.878509356513726	0.42113742173089763	3.14283967864716	0.2956793669585237	1.8130866144074476	10.7387137117657	24.916833937466237	0.19665761155217631	0.4385611677191064	15	2	0 0 -2 -1 1 0 -2 0 1 -1 1 1 1 0 -1 1 0 1 1 -1 2	-0.543621059785 -0.0847692587653 -0.133065482152 -1.43256901178 -0.647677611747 0.584314457801 -0.918591701264 0.145741064204 0.735287648136 -1.23526718138 1.16348391347 0.728909542048 1.2762745264 0.203781338868 -0.679156843375 -0.498351001872 0.656033669355
24	4	40498	61.427327896090794	60.61027557321086	0.8170523228799311	0.013301121029748194	0.004184938227107988	0.2677021796480986	0.3293664908315739	0.2760743867770686	0.25554608567936504	0.06166431118347526	0.008372207128969966	-0.012156093968733572	3.536775078351651	1.103764362897185	0.4491531832715106	1.103764362897185	8.289558110618918	0.6790064156188049	4.159935858232343	0.37942795240315913	3.491845014602857	0.2634108758672907	2.0865820278868523	9.23479326531423	21.826735754580294	0.1648705939631326	0.40734574560863357	15	3	-1 -3 2 2 1 2 2 2 -2 -2 0 0 0 1 -1 0 -2 -1 0 0 -1	0.216003310189 -0.775778447694 0.00760757734776 1.86366714189 0.557870386094 -0.758787286619 0.998820589303 0.449153183272 -1.17547800077 1.25890842884 -0.371041896013 -0.0361955479614 -0.707965132027 0.591900261183 0.714121672466 0.752666336393 -1.12561026785
