rank	score	priority	multiplicity	norm	pair0	pair1	pair2	pair3plus	vector
1	38102	1	33	10	900	656	904	162	1 0 1 1 1 -2 -3 1 0 1 -1 -2 -2 2 -2 -1 -2
2	38102	3	33	10	900	656	904	162	0 1 2 2 2 -4 -7 3 0 3 -1 -5 -2 5 -3 -1 -4
3	37854	2	33	10	842	776	834	170	1 -1 0 0 2 -1 -2 0 0 0 0 -2 0 1 -1 -1 -2
4	37208	4	32	10	878	670	916	158	1 0 1 2 2 -2 -4 0 -2 0 0 -2 -1 1 -2 0 -2
5	35992	8	31	10	836	768	854	164	1 1 0 1 2 -1 -4 0 -1 1 1 -2 -1 1 -2 0 -2
6	35962	16	31	10	842	760	854	166	2 0 1 1 3 -3 -5 1 -3 0 0 -4 -1 1 -3 -1 -2
7	35928	12	31	10	858	720	872	172	1 0 0 0 0 -3 -2 2 1 1 -1 -2 -1 3 -1 -2 -2
8	35904	11	31	10	816	784	850	172	0 0 0 1 0 0 -1 -1 1 1 0 0 -1 1 -1 0 0
9	35872	5	31	10	830	786	836	170	1 0 0 1 2 0 -2 0 0 1 1 -2 -1 0 -2 0 -2
10	35872	7	31	10	830	786	836	170	2 -1 0 0 3 0 -2 0 -2 0 2 -2 0 -1 -2 0 -2
11	35864	9	31	10	826	784	840	172	1 0 -1 -1 2 -2 -2 0 0 0 0 -1 0 2 -1 -2 -2
12	35864	13	31	10	832	786	834	170	0 1 1 2 3 -2 -6 0 -2 1 1 -3 -1 1 -3 0 -2
13	35840	6	31	10	844	758	846	174	0 0 0 0 2 -1 -3 0 0 1 0 -1 -1 2 -2 0 -2
14	35812	19	31	10	836	758	850	178	0 0 0 0 1 1 0 -1 1 0 0 0 0 1 -1 -1 -1
15	35720	14	31	10	802	824	816	180	0 2 1 2 3 -2 -6 1 -1 2 0 -4 -2 2 -3 1 -2
16	35596	10	31	10	812	802	818	190	1 1 2 2 2 -3 -6 1 -2 2 0 -3 -2 2 -3 0 -2
17	35542	18	31	10	818	802	810	192	0 0 0 0 1 0 -1 0 0 1 2 -1 -2 0 -2 1 -1
18	35442	17	31	10	828	792	804	198	0 0 1 -1 0 -1 0 1 0 -1 -1 -1 1 1 1 -1 0
19	35432	15	31	10	796	828	798	200	0 0 0 1 0 1 0 -1 0 1 1 1 -2 0 -1 1 0
20	34936	27	30	10	844	756	854	168	1 1 0 0 2 -3 -5 1 -1 0 0 -3 -1 2 -2 -1 -2
21	34846	22	30	10	820	778	848	176	1 -1 1 0 1 0 -1 1 -3 -1 0 -1 1 0 0 0 0
22	34794	23	30	10	806	824	818	174	2 -1 1 1 3 -2 -4 0 -3 0 1 -3 -1 0 -2 0 -2
23	34742	26	30	10	840	746	852	184	1 1 2 1 2 -2 -5 1 -2 0 0 -4 -1 2 -2 -1 -2
24	34724	25	30	10	792	826	822	182	1 0 -1 -1 0 -1 0 -1 0 0 0 1 0 0 0 -1 0
25	34716	31	30	10	794	826	820	182	0 1 0 0 1 -1 -2 -1 0 0 0 -2 0 1 -1 -1 0
26	34706	33	30	10	816	810	816	180	1 1 2 2 3 -4 -8 2 -3 2 0 -5 -2 3 -4 -1 -3
27	34674	29	30	10	788	828	820	186	0 0 1 2 2 -2 -5 1 -1 2 1 -3 -2 2 -3 1 -2
28	34656	21	30	10	794	826	816	186	1 -1 -1 -1 1 1 2 -2 1 -1 1 1 0 -2 0 0 0
29	34632	20	30	10	794	824	816	188	1 -1 -1 0 0 1 2 -2 0 -1 1 2 0 -2 0 0 0
30	34594	28	30	10	808	828	800	186	1 1 2 3 5 -6 -11 3 -3 2 -1 -8 -2 5 -4 -1 -4
31	34500	30	30	10	800	830	798	194	1 -1 0 -1 0 -1 0 1 -2 -1 -1 1 2 0 1 -1 0
32	34346	24	30	10	786	860	774	202	1 -1 0 -1 1 1 1 -1 -1 -1 2 0 -1 -1 -1 0 0
33	34226	32	30	10	774	886	754	208	1 1 1 1 2 -4 -6 1 -1 1 -1 -4 -1 3 -3 -1 -2
34	33924	43	29	10	814	800	840	168	1 -2 -1 -3 -2 2 6 -1 0 -2 0 4 2 -2 2 -1 2
35	33904	48	29	10	810	802	840	170	1 0 2 2 3 -2 -5 1 -3 1 1 -4 -2 0 -3 1 -2
36	33770	39	29	10	794	818	830	180	2 -1 2 1 2 0 -3 0 -2 0 1 -2 -1 0 -3 0 -2
37	33742	41	29	10	792	830	820	180	0 0 0 0 0 1 0 -2 1 -1 1 0 0 -1 -1 0 0
38	33670	42	29	10	798	826	814	184	0 0 0 1 1 1 0 -2 0 -1 1 -1 0 -1 -1 0 0
39	33604	46	29	10	816	814	806	186	1 1 2 3 4 -6 -10 3 -3 2 -2 -7 -2 5 -4 -1 -4
40	33584	49	29	10	800	832	802	188	1 0 2 1 2 -1 -4 1 -2 1 1 -3 -2 0 -3 1 -2
41	33562	45	29	10	774	874	786	188	1 0 1 2 2 0 -3 1 -1 1 1 -3 -2 0 -2 1 -2
42	33514	51	29	10	768	868	792	194	0 1 0 1 1 -2 -3 1 1 2 0 -2 -2 3 -1 -1 -2
43	33514	52	29	10	768	868	792	194	0 1 0 1 1 -2 -3 1 1 1 -1 -2 -2 3 -1 -1 -2
44	33506	44	29	10	770	868	790	194	1 0 1 2 2 -2 -5 1 -1 2 0 -3 -2 2 -2 1 -2
45	33488	34	29	10	770	864	792	196	0 0 1 0 0 -1 -1 1 -1 -1 -2 -1 1 0 0 0 0
46	33440	54	29	10	758	896	772	196	1 0 1 1 2 -3 -4 2 -1 1 -1 -3 -1 2 -3 -1 -3
47	33408	36	29	10	760	894	770	198	2 -1 0 0 1 0 -1 -1 -2 0 2 0 -1 -1 -2 0 0
48	33384	40	29	10	760	892	770	200	1 0 -1 -1 2 0 -1 -1 0 0 2 -1 -1 0 -1 0 0
49	33298	47	29	10	762	888	766	206	1 1 0 0 2 -3 -4 1 -1 1 -1 -2 -1 3 -2 -1 -2
50	33288	50	29	10	724	962	734	202	1 0 1 2 4 -5 -8 2 -3 1 -1 -5 -1 4 -3 -1 -4
51	33272	53	29	10	740	926	750	206	1 -1 -1 0 0 0 1 -1 0 0 1 1 0 -1 -1 0 -1
52	33236	35	29	10	800	848	766	208	1 0 0 1 2 -1 -3 0 -2 0 0 -2 0 1 -2 0 -2
53	33198	38	29	10	754	912	746	210	0 1 1 1 1 -1 -3 -1 -1 1 0 -1 -1 1 -2 0 0
54	33012	37	29	10	778	902	724	218	2 -1 1 1 3 -2 -5 1 -3 1 2 -3 -1 1 -2 0 -2
55	32584	71	28	10	752	906	778	186	1 1 1 2 3 -4 -7 2 -1 2 -1 -4 -1 3 -3 -1 -4
56	32520	62	28	10	756	902	774	190	0 1 1 1 3 -2 -5 0 -1 1 1 -4 -1 1 -3 0 -2
57	32464	65	28	10	770	882	776	194	2 0 0 0 2 -3 -4 1 -2 1 1 -2 -1 1 -2 -1 -2
58	32448	67	28	10	756	896	774	196	2 0 1 1 3 -3 -6 1 -3 1 1 -3 -1 2 -3 -1 -2
59	32430	83	28	10	762	894	770	196	0 1 0 0 1 -1 -2 0 1 1 1 -2 -1 1 -2 -1 -1
60	32370	60	28	10	792	854	776	200	2 -1 1 0 1 -1 -1 0 -2 0 0 -1 0 0 -1 0 -2
61	32342	58	28	10	748	912	760	202	0 1 1 1 1 -3 -4 1 1 1 -2 -3 -1 3 -2 -2 -2
62	32342	64	28	10	766	888	766	202	2 0 0 0 3 -2 -4 1 -1 1 1 -3 -1 2 -2 -1 -2
63	32334	86	28	10	726	944	750	202	1 0 1 1 2 -3 -5 2 -1 2 -1 -3 -2 3 -3 -1 -3
64	32324	66	28	10	736	944	742	200	1 -2 -1 -3 -3 2 6 -1 1 -2 0 4 2 -2 3 -1 2
65	32312	63	28	10	718	972	732	200	2 -1 1 1 3 -2 -5 0 -3 1 1 -3 -1 1 -3 0 -2
66	32300	84	28	10	724	968	730	200	1 0 1 1 3 -4 -6 1 -2 1 0 -4 -1 2 -3 -1 -3
67	32296	57	28	10	752	912	754	204	2 -1 1 0 2 0 -2 -1 -2 -1 2 -2 -1 -1 -2 0 0
68	32232	79	28	10	726	958	732	206	1 0 0 -1 1 1 0 -1 0 0 1 0 0 -1 -2 0 -1
69	32220	59	28	10	756	912	746	208	0 1 1 1 2 -3 -5 1 -1 1 0 -3 -1 3 -2 -2 -2
70	32218	75	28	10	752	928	736	206	2 0 2 3 4 -4 -9 2 -4 2 1 -6 -2 2 -4 0 -3
71	32216	61	28	10	724	956	734	208	2 -1 1 0 2 -2 -3 0 -2 1 1 -2 -1 1 -3 0 -2
72	32216	80	28	10	742	922	748	210	0 0 1 0 0 0 -1 1 -1 -1 0 -1 0 0 1 0 1
73	32206	77	28	10	746	920	746	210	0 0 0 1 -2 0 1 1 0 0 -1 1 0 0 2 0 1
74	32182	78	28	10	716	958	736	212	2 0 0 0 2 -2 -3 0 -1 1 1 -2 -1 0 -2 0 -1
75	32180	73	28	10	754	908	748	212	1 1 2 2 3 -4 -7 1 -3 1 -1 -4 -1 3 -3 -1 -2
76	32168	55	28	10	718	960	732	212	1 0 0 0 2 -2 -3 0 -1 1 1 -2 -1 2 -2 0 -2
77	32144	74	28	10	730	972	712	208	1 1 2 2 4 -4 -8 2 -2 1 -1 -5 -1 3 -3 -1 -4
78	32130	85	28	10	738	956	718	210	2 -1 1 0 2 0 -2 -1 -2 0 2 -1 -1 -2 -3 1 -1
79	32128	72	28	10	716	966	726	214	1 1 2 2 3 -3 -7 1 -2 1 -1 -4 -1 3 -3 -1 -2
80	32114	82	28	10	724	960	724	214	1 1 1 1 2 0 -3 0 -1 1 1 -2 -2 0 -2 1 -1
81	32066	81	28	10	712	982	712	216	0 0 0 1 1 0 -1 -1 1 1 1 -1 -1 1 -1 0 -1
82	32060	70	28	10	742	954	712	214	1 0 1 1 1 -2 -3 1 -1 1 0 -2 -1 1 -3 -1 -2
83	31928	56	28	10	760	944	698	220	1 0 0 1 1 0 -1 0 0 1 1 -1 -1 0 -2 0 -2
84	31926	76	28	10	714	976	706	226	0 1 1 1 1 -1 -3 0 0 2 0 -1 -2 2 -2 0 -1
85	31924	69	28	10	716	974	706	226	1 -1 0 0 0 1 1 -1 0 0 1 1 -2 -1 -1 1 0
86	31848	68	28	10	762	918	712	230	0 1 2 2 2 -5 -7 3 -1 2 -2 -5 -2 5 -3 -1 -4
87	31314	109	27	10	734	940	746	202	2 0 0 0 2 -3 -4 1 -1 0 0 -3 -1 2 -2 -2 -2
88	31304	99	27	10	732	926	758	206	1 1 1 2 3 -4 -7 2 -2 2 1 -5 -2 3 -3 0 -3
89	31234	103	27	10	736	924	752	210	2 0 2 1 2 -1 -4 1 -2 1 1 -3 -2 1 -3 0 -2
90	31212	121	27	10	734	954	728	206	0 1 0 1 3 -1 -4 0 -1 1 1 -2 -1 1 -2 1 -2
91	31198	124	27	10	742	918	750	212	1 -1 0 -1 -1 2 3 -1 1 -1 0 2 0 -1 0 0 -1
92	31182	102	27	10	698	972	738	214	1 -1 0 1 1 0 -1 0 -1 1 1 0 -2 0 -2 1 -1
93	31138	123	27	10	706	986	718	212	1 0 -1 -1 0 1 1 -2 1 0 1 1 0 -1 -1 0 0
94	31134	113	27	10	722	956	730	214	2 -1 1 -1 2 0 -1 0 -1 0 1 -1 -1 0 -2 0 -2
95	31132	129	27	10	718	962	728	214	1 1 1 1 3 -2 -5 0 -2 1 0 -3 -1 2 -3 0 -2
96	31130	92	27	10	720	970	720	212	0 0 0 0 0 1 1 -1 1 0 1 0 -1 -1 -1 1 -1
97	31122	130	27	10	704	984	720	214	1 0 -1 -1 0 0 1 -1 1 0 0 1 0 0 -1 -1 -1
98	31068	96	27	10	734	962	712	214	0 1 1 3 2 -2 -6 1 -1 2 0 -4 -2 2 -3 0 -2
99	31042	90	27	10	682	1030	694	216	1 1 0 0 2 -2 -3 0 -1 1 1 -2 -1 0 -2 0 -1
100	30998	112	27	10	690	1024	690	218	1 0 1 1 3 -4 -6 2 -2 1 -1 -4 -1 4 -2 -1 -4
101	30958	114	27	10	700	1014	688	220	0 1 1 2 3 -2 -5 1 -2 2 1 -3 -2 1 -3 1 -2
102	30828	88	27	10	680	1034	678	230	0 1 1 1 0 -2 -3 2 -1 0 -2 -2 0 1 0 0 0
103	30768	87	27	10	686	1036	668	232	2 -1 1 1 2 -2 -3 0 -2 1 1 -2 -1 1 -2 0 -2
104	30730	127	27	10	700	1030	660	232	1 -1 0 -1 -2 2 4 -1 -1 -1 1 3 1 -3 1 1 2
105	30488	122	27	10	732	988	654	248	2 -1 1 0 2 -3 -3 1 -2 0 -1 -2 0 2 -2 -1 -3
106	30236	120	26	10	716	960	738	208	2 0 2 1 4 -3 -7 1 -3 1 1 -5 -2 2 -4 0 -3
107	30234	128	26	10	712	956	744	210	1 1 1 1 3 -3 -6 1 -2 1 1 -5 -2 2 -3 0 -2
108	30148	119	26	10	714	962	732	214	2 0 1 1 3 -4 -6 2 -2 1 -1 -4 -1 4 -2 -1 -4
109	30136	105	26	10	714	956	736	216	1 1 1 1 2 -4 -6 2 -1 1 -1 -4 -2 4 -2 -1 -3
110	30090	115	26	10	724	958	724	216	2 -1 0 0 2 -1 -2 0 -2 1 2 -1 -1 0 -2 1 -2
111	30014	131	26	10	674	1040	690	218	1 1 1 2 3 -3 -6 1 -1 2 0 -4 -1 2 -3 0 -3
112	30008	135	26	10	680	1034	690	218	0 0 0 1 1 0 -1 -1 0 0 1 -1 -1 -1 -2 0 0
113	29986	133	26	10	672	1032	696	222	0 0 0 1 2 -1 -3 0 0 1 1 -2 -1 2 -2 0 -2
114	29976	132	26	10	670	1038	692	222	2 0 1 2 4 -3 -7 2 -3 2 1 -5 -2 3 -3 0 -3
115	29964	110	26	10	676	1034	690	222	3 -2 0 -1 2 0 0 -1 -3 -2 2 0 0 -2 -1 0 -1
116	29960	108	26	10	692	1024	686	220	0 1 1 2 2 -2 -5 1 -1 1 0 -4 -2 1 -3 0 -1
117	29956	89	26	10	690	1018	692	222	1 0 0 0 3 -3 -4 1 -1 0 -1 -2 0 3 -1 -2 -3
118	29916	93	26	10	676	1030	690	226	0 2 1 1 2 -4 -6 1 -1 1 -1 -4 -1 3 -3 -1 -2
119	29900	100	26	10	650	1080	668	224	0 2 0 1 2 -2 -4 0 0 1 0 -3 -1 1 -2 0 -1
120	29886	126	26	10	682	1042	674	224	1 1 2 2 3 -2 -6 1 -2 1 0 -4 -1 2 -3 -1 -3
121	29870	134	26	10	674	1048	674	226	0 1 0 1 1 -1 -2 0 0 1 1 -2 -2 0 -2 1 -1
122	29864	111	26	10	668	1058	670	226	1 0 1 0 1 0 -1 0 0 1 1 -1 -1 0 -2 0 -2
123	29832	136	26	10	682	1020	688	232	1 0 1 1 1 -1 -3 1 0 2 0 -2 -2 1 -3 1 -2
124	29806	116	26	10	666	1050	674	232	0 1 1 1 0 -4 -4 3 -1 1 -2 -3 0 2 0 -1 -1
125	29798	125	26	10	698	1000	690	234	1 0 1 2 3 -3 -6 2 -3 1 0 -4 -2 3 -3 0 -3
126	29754	117	26	10	700	1022	668	232	2 -1 0 0 1 2 1 -2 -1 -1 2 1 -1 -3 -1 1 0
127	29752	91	26	10	696	1038	658	230	1 -1 0 0 1 1 0 -1 0 -1 1 0 0 -2 -1 0 -1
128	29740	94	26	10	684	1058	650	230	1 0 1 1 3 -2 -4 0 -2 -1 0 -3 0 0 -2 -1 -2
129	29720	98	26	10	692	1034	662	234	1 0 0 1 2 -2 -3 0 -2 0 1 -2 0 0 -2 0 -2
130	29706	104	26	10	682	1052	654	234	2 0 1 2 4 -4 -8 2 -4 2 1 -5 -2 3 -3 0 -3
131	29688	95	26	10	694	1052	644	232	1 0 1 1 3 -4 -6 2 -1 2 -1 -4 -1 4 -2 -1 -4
132	29662	107	26	10	708	1022	656	236	0 2 2 3 3 -3 -8 2 -2 3 0 -5 -3 3 -4 1 -3
133	29646	106	26	10	646	1090	646	240	1 0 -1 -1 0 1 2 -1 2 0 0 1 0 0 0 -1 -1
134	29634	118	26	10	700	1022	660	240	1 0 0 1 3 -2 -5 1 -3 1 1 -3 -1 2 -2 0 -2
135	29430	97	26	10	712	1034	628	248	2 -2 0 0 2 0 -1 -1 -1 -1 1 -1 0 -1 -1 0 -1
136	29348	101	26	10	728	1020	622	252	1 0 -1 -1 1 0 0 -1 1 0 1 0 -1 0 -1 -1 0
137	29090	145	25	10	706	972	726	218	1 -1 1 0 0 0 0 0 -2 -2 0 -1 1 -1 1 0 1
138	29084	153	25	10	700	992	714	216	2 0 1 2 3 -2 -5 1 -3 0 0 -3 -1 1 -2 0 -3
139	29068	146	25	10	698	1000	708	216	1 -1 -1 -1 1 3 2 -3 0 -1 3 2 0 -3 -1 1 1
140	29058	178	25	10	708	970	724	220	1 1 0 1 1 -2 -3 0 -1 0 0 -2 -1 1 -1 0 -1
141	29040	150	25	10	690	1010	704	218	1 1 1 2 3 -5 -7 3 -2 1 -2 -5 -1 4 -2 -2 -4
142	28958	179	25	10	700	1004	696	222	0 1 0 1 2 -3 -5 0 -1 1 1 -3 -1 2 -2 -1 -1
143	28940	140	25	10	682	1024	692	224	1 -1 1 1 2 0 -2 -1 -1 1 1 -1 -1 0 -2 1 -1
144	28940	159	25	10	652	1064	682	224	1 1 0 1 2 -4 -6 2 -1 2 -1 -3 -2 4 -2 -1 -2
145	28864	164	25	10	704	990	698	230	2 -1 0 -1 2 -2 -2 0 -1 0 0 -1 0 0 -2 -1 -1
146	28864	176	25	10	668	1048	678	228	1 -1 -1 0 1 2 1 -2 0 -1 2 0 0 -2 -1 1 0
147	28824	158	25	10	708	998	686	230	0 1 1 2 3 -4 -7 3 0 3 -1 -5 -2 5 -3 -1 -4
148	28816	183	25	10	668	1064	662	228	1 0 0 0 1 0 -1 0 0 0 1 -1 0 0 -1 -1 -2
149	28796	137	25	10	634	1096	660	232	2 0 0 1 3 -4 -6 2 -2 1 -1 -3 -1 3 -2 -1 -3
150	28794	138	25	10	666	1054	670	232	2 -1 0 0 1 0 0 -1 -1 0 2 0 -1 -1 -1 0 -1
151	28792	182	25	10	698	1012	680	232	0 0 0 1 0 -1 -1 1 -1 0 -2 0 1 1 1 0 0
152	28748	185	25	10	646	1096	648	232	1 0 -1 0 0 2 2 -2 1 -1 1 1 0 -2 0 0 0
153	28702	172	25	10	650	1086	650	236	1 0 1 0 2 -2 -3 0 0 0 -1 -2 0 2 -1 -2 -2
154	28654	156	25	10	668	1058	656	240	0 1 1 1 1 -3 -4 1 1 2 -1 -3 -2 3 -2 -1 -2
155	28654	175	25	10	734	970	678	240	1 1 2 3 4 -4 -9 2 -3 1 -1 -6 -2 4 -3 0 -3
156	28638	162	25	10	690	1024	666	242	1 1 2 2 2 -5 -8 3 -2 3 -1 -5 -2 5 -4 -1 -4
157	28524	144	25	10	672	1056	646	248	1 1 1 1 3 -3 -6 1 -2 1 0 -4 -2 3 -3 0 -2
158	28500	157	25	10	708	1036	634	244	1 1 2 3 3 -3 -7 2 -2 1 -1 -5 -1 3 -3 -1 -4
159	28066	155	25	10	740	1018	596	268	1 0 0 0 2 -1 -3 0 -1 1 1 -2 -1 1 -3 0 -2
160	27970	141	24	10	664	1038	696	224	1 0 1 2 4 -2 -6 1 -3 1 2 -5 -2 1 -3 1 -2
161	27956	143	24	10	672	1052	678	220	1 0 1 2 4 -4 -7 1 -3 1 0 -5 0 2 -3 -1 -3
162	27922	174	24	10	664	1034	696	228	2 -1 1 1 2 -1 -4 1 -3 1 2 -2 -2 0 -3 1 -2
163	27892	181	24	10	706	988	700	228	0 1 1 2 1 -3 -4 1 0 2 -1 -3 -2 3 -2 -1 -2
164	27872	180	24	10	678	1032	684	228	1 1 2 2 3 -4 -8 1 -2 1 -1 -5 -1 4 -3 -1 -3
165	27846	161	24	10	662	1052	678	230	1 0 1 1 1 -1 -2 -1 -1 1 1 -1 -1 0 -2 0 -1
166	27834	152	24	10	686	1024	682	230	2 0 1 0 2 -3 -4 1 -2 0 0 -3 -1 1 -3 -1 -2
167	27820	165	24	10	652	1064	674	232	0 2 2 2 2 -4 -7 2 -1 3 -1 -4 -2 4 -3 -1 -3
168	27818	184	24	10	678	1040	674	230	2 0 1 2 4 -4 -7 1 -3 1 0 -5 -1 2 -3 0 -3
169	27772	147	24	10	664	1064	662	232	2 -1 0 1 2 -2 -3 0 -2 1 1 -2 -1 1 -2 0 -2
170	27752	173	24	10	666	1058	664	234	0 1 1 2 2 -5 -7 3 -1 2 -2 -5 -1 5 -3 -2 -4
171	27748	151	24	10	670	1054	664	234	0 0 0 1 2 -2 -3 1 0 2 0 -2 -1 2 -2 -1 -2
172	27722	142	24	10	648	1092	648	234	1 -1 -1 -1 1 1 1 -2 0 0 2 1 0 -1 0 0 0
173	27696	168	24	10	680	1028	674	240	2 -1 1 0 1 -1 -2 1 -1 1 1 -1 -2 1 -2 0 -2
174	27686	177	24	10	690	1038	658	236	1 -1 -1 -1 1 2 2 -1 1 -1 1 1 1 -2 0 0 -1
175	27682	154	24	10	682	1040	662	238	0 0 1 1 0 0 0 0 -2 -1 0 -1 1 -1 1 0 1
176	27682	166	24	10	658	1072	654	238	0 1 1 1 2 -2 -5 0 -2 1 0 -2 -1 1 -3 0 -1
177	27644	171	24	10	642	1106	636	238	1 0 1 2 3 -1 -4 0 -3 0 1 -3 -1 0 -3 1 -2
178	27636	170	24	10	686	1050	648	238	2 0 2 2 4 -6 -9 3 -3 1 -2 -6 0 5 -3 -3 -5
179	27578	160	24	10	660	1074	644	244	0 2 0 1 2 -3 -5 1 0 1 0 -4 -1 3 -2 -1 -2
180	27572	163	24	10	648	1102	630	242	2 0 1 1 4 -4 -7 1 -3 1 1 -5 -1 3 -3 -1 -3
181	27546	139	24	10	656	1080	640	246	1 -1 0 0 1 0 -1 0 -1 1 2 0 -1 0 -1 0 -1
182	27546	186	24	10	650	1098	630	244	0 1 1 1 2 -2 -4 -1 -1 0 0 -2 0 1 -2 -1 -1
183	27540	167	24	10	638	1106	632	246	1 -1 0 1 2 0 -2 0 -1 1 1 -1 -1 1 -2 1 -2
184	27492	169	24	10	674	1064	636	248	0 0 2 1 0 -1 -2 2 -2 0 -1 -2 0 1 0 0 -1
185	27412	149	24	10	700	1036	634	252	2 -1 1 1 2 -1 -3 0 -2 0 1 -2 0 1 -2 -1 -2
186	26928	148	24	10	680	1084	578	280	1 1 1 1 3 -5 -7 2 -2 1 -1 -5 -1 4 -3 -1 -3
187	26874	225	23	10	676	1034	684	228	1 0 0 1 2 0 -3 -1 -1 0 2 -2 -1 0 -2 1 -1
188	26622	193	23	10	622	1120	638	242	0 0 1 2 1 -1 -3 0 0 1 0 -2 -1 2 -2 0 -2
189	26610	241	23	10	640	1100	640	242	1 1 2 2 3 -3 -7 1 -2 1 0 -4 -1 2 -3 -1 -2
190	26464	202	23	10	672	1076	626	248	1 0 1 2 1 0 -2 0 -1 0 0 -2 0 0 -1 0 -2
191	26424	236	23	10	676	1074	622	250	1 1 0 0 3 -5 -6 2 -1 1 -1 -4 0 4 -2 -3 -3
192	26080	218	23	10	666	1102	584	270	0 1 1 1 0 -2 -2 2 -1 0 -1 -2 0 1 1 -1 0
193	25960	253	23	10	672	1104	570	276	1 0 -1 -1 2 -1 -1 0 0 0 0 -1 1 1 -1 -1 -2
194	25882	207	23	10	708	1072	564	278	1 0 0 0 2 -1 -3 0 -1 1 1 -2 -1 0 -3 0 -1
195	25762	219	22	10	686	1028	674	234	1 0 0 1 3 -2 -4 0 -2 1 1 -2 0 1 -2 -1 -2
196	25646	210	22	10	640	1088	652	242	2 -1 1 0 2 0 -2 0 -1 1 1 -1 -1 0 -2 0 -2
197	25614	231	22	10	666	1064	650	242	1 -1 -1 -1 1 1 1 -2 0 0 2 1 0 -1 -1 1 0
198	25562	187	22	10	634	1104	638	246	1 0 2 1 3 -3 -7 1 -3 1 0 -4 -1 2 -4 0 -2
199	25546	250	22	10	632	1122	624	244	1 0 1 0 1 0 -1 0 0 0 0 -1 -1 0 -2 -1 -1
200	25540	217	22	10	638	1106	632	246	1 0 2 2 4 -4 -8 2 -4 1 0 -5 -2 3 -3 0 -3
201	25540	243	22	10	638	1106	632	246	0 1 0 1 2 -1 -3 -1 0 0 1 -2 0 1 -1 -1 -1
202	25526	198	22	10	634	1106	634	248	1 -1 0 0 2 1 0 -1 -1 -2 1 -1 0 -1 -1 0 -1
203	25504	257	22	10	626	1114	632	250	0 0 0 0 1 -1 -1 0 1 0 0 -1 -1 2 0 -1 -1
204	25444	212	22	10	656	1084	630	252	3 -2 1 0 2 1 -1 0 -3 0 3 -1 -1 -2 -2 1 -1
205	25444	244	22	10	644	1100	626	252	0 1 0 0 2 -2 -4 1 -1 1 1 -2 -2 2 -2 0 -1
206	25342	227	22	10	644	1114	608	256	2 0 2 2 4 -5 -8 2 -3 2 -1 -5 -1 4 -3 -1 -4
207	25332	200	22	10	666	1088	612	256	0 0 0 1 1 -1 -2 0 1 1 0 -1 -1 2 -1 0 -2
208	25254	199	22	10	654	1110	598	260	1 0 1 1 4 -2 -5 0 -2 0 0 -4 0 1 -2 0 -2
209	25244	215	22	10	664	1090	606	262	1 0 0 0 2 -3 -4 1 -1 1 0 -3 0 3 -2 -1 -3
210	25230	246	22	10	672	1094	596	260	2 0 1 2 3 -2 -5 1 -3 1 1 -3 -1 1 -3 0 -3
211	25160	213	22	10	676	1082	598	266	0 0 0 0 2 0 -2 -1 -1 0 1 -1 -1 0 -2 0 0
212	24734	204	21	10	636	1094	656	236	1 -1 -1 -1 0 1 2 -2 1 -2 0 1 1 -1 1 -1 0
213	24730	201	21	10	640	1090	656	236	1 0 0 0 2 -1 -2 0 0 0 0 -1 -1 1 -2 -1 -2
214	24674	203	21	10	642	1106	638	236	2 0 2 2 5 -5 -9 2 -4 1 0 -7 -1 3 -4 -1 -4
215	24618	238	21	10	626	1116	638	242	2 -2 -1 -2 1 2 2 -2 0 -1 2 2 1 -2 0 0 0
216	24616	195	21	10	640	1088	650	244	1 0 0 0 3 -1 -3 0 -1 0 1 -3 -1 0 -2 0 -1
217	24592	234	21	10	628	1112	638	244	0 1 0 0 2 0 -2 -2 0 0 1 -1 0 0 -1 0 0
218	24592	249	21	10	634	1124	624	240	1 0 0 1 3 -2 -5 1 -1 1 0 -3 -1 2 -2 0 -3
219	24580	237	21	10	634	1118	628	242	2 -1 0 -1 1 2 1 -2 -1 -1 2 1 0 -3 -2 1 0
220	24562	209	21	10	640	1106	632	244	1 0 1 1 1 -3 -5 1 -1 1 0 -3 -1 2 -2 -1 -2
221	24542	223	21	10	636	1108	632	246	2 -1 1 1 2 -1 -3 1 -2 1 1 -2 -2 0 -3 0 -2
222	24536	232	21	10	630	1128	620	244	1 1 1 1 2 -3 -5 2 -1 1 -1 -3 -1 2 -3 -1 -3
223	24526	190	21	10	652	1082	640	248	2 0 1 1 5 -4 -8 2 -4 0 0 -5 -1 3 -3 -1 -3
224	24480	226	21	10	650	1090	632	250	1 0 1 1 2 -2 -4 0 -2 -1 0 -3 -1 1 -2 -1 -1
225	24464	206	21	10	636	1124	614	248	1 -2 -1 -3 -3 5 9 -2 1 -2 1 6 1 -4 3 1 3
226	24430	211	21	10	640	1120	612	250	1 0 1 2 2 -2 -5 1 -2 1 1 -3 -1 0 -3 0 -2
227	24428	235	21	10	624	1122	622	254	0 1 1 1 2 -3 -5 2 0 1 -1 -4 -1 3 -3 -1 -3
228	24410	247	21	10	648	1106	616	252	1 -1 0 0 0 3 3 -2 0 0 2 2 -1 -3 -1 2 0
229	24408	214	21	10	626	1126	616	254	1 0 0 0 1 -2 -2 1 0 1 0 -1 -1 2 -1 -2 -2
230	24408	220	21	10	638	1110	620	254	1 -1 0 0 1 1 0 0 -1 0 1 0 0 -1 -2 0 -1
231	24408	252	21	10	662	1078	628	254	0 1 2 2 2 -3 -7 2 -1 2 -1 -5 -2 4 -3 0 -3
232	24406	233	21	10	634	1106	626	256	2 -1 1 1 2 -2 -4 2 -2 1 0 -3 -2 2 -3 0 -3
233	24326	222	21	10	642	1112	610	258	1 0 1 1 1 -3 -4 2 -1 1 -1 -3 -1 3 -2 -2 -3
234	24286	221	21	10	646	1120	598	258	2 0 1 0 3 -4 -6 1 -2 1 -1 -3 0 3 -3 -2 -3
235	24284	196	21	10	642	1116	604	260	1 -1 -1 -1 0 1 3 -2 0 -1 0 2 1 -1 1 0 0
236	24278	192	21	10	642	1098	618	264	0 1 1 2 2 -1 -5 1 -1 1 0 -3 -2 3 -2 0 -2
237	24246	197	21	10	674	1076	610	262	1 -2 -1 -2 -2 2 5 -1 -1 -2 1 3 2 -3 2 0 2
238	24240	256	21	10	650	1090	616	266	0 0 0 0 0 1 0 -1 0 1 1 1 -1 0 -1 0 0
239	24220	205	21	10	658	1106	596	262	0 0 0 0 0 0 1 -1 0 0 0 1 1 -1 0 0 -1
240	24212	208	21	10	648	1122	590	262	1 -1 1 0 -1 -2 -1 2 -1 0 -1 -1 0 1 0 -1 0
241	24100	239	21	10	670	1090	592	270	1 0 1 0 0 0 -1 2 -1 0 0 -1 -1 0 0 0 0
242	23734	251	21	10	718	1078	542	284	1 1 1 2 4 -5 -9 3 -2 2 -1 -6 -2 4 -4 -1 -4
243	23720	255	21	10	708	1066	558	290	0 1 1 2 3 -3 -7 1 -3 2 1 -4 -2 2 -4 1 -2
244	23660	240	21	10	750	1040	544	288	2 0 2 2 4 -4 -8 1 -3 1 0 -5 -1 3 -4 -1 -4
245	23550	194	20	10	640	1090	644	248	1 0 1 2 3 -3 -5 1 -3 1 0 -3 0 2 -2 -1 -3
246	23538	254	20	10	628	1110	636	248	0 1 0 1 2 0 -3 -1 0 1 1 -2 -1 1 -2 1 -1
247	23486	189	20	10	638	1094	638	252	1 0 2 2 2 -4 -6 2 -2 1 -1 -4 -2 3 -3 -1 -3
248	23484	224	20	10	646	1104	624	248	1 1 1 1 2 -3 -5 1 -1 1 0 -3 -1 1 -2 -1 -2
249	23468	229	20	10	638	1110	624	250	0 0 1 0 1 -1 -2 0 0 1 0 -1 -1 1 -2 0 -2
250	23456	191	20	10	638	1104	628	252	1 0 0 0 1 -1 -2 0 0 1 1 -1 -1 2 -1 -1 -1
251	23426	216	20	10	632	1112	624	254	0 0 0 1 1 -1 -2 0 0 0 1 -2 -1 1 -1 -1 -1
252	23408	188	20	10	644	1102	622	254	1 -1 0 -1 0 1 2 -2 0 -1 1 1 0 -3 -1 0 1
253	23350	258	20	10	636	1112	616	258	2 -2 0 -1 0 2 3 -1 0 -1 2 1 0 -2 0 0 -1
254	23308	230	20	10	642	1108	612	260	1 0 1 2 2 -2 -5 0 -2 1 0 -2 -1 1 -3 0 -2
255	23294	259	20	10	680	1062	620	260	1 -1 -1 -1 -1 2 3 -2 1 -1 2 2 -1 -2 0 1 1
256	23280	228	20	10	646	1092	620	264	1 0 2 2 2 -2 -5 2 -2 1 0 -4 -2 2 -3 1 -3
257	23244	261	20	10	652	1106	602	262	1 -2 -1 -1 -2 3 6 -1 0 -1 1 4 1 -3 3 1 2
258	23242	242	20	10	702	1040	618	262	1 0 -1 0 2 -1 -2 0 0 0 0 -1 1 1 -1 -1 -2
259	23158	260	20	10	666	1086	602	268	0 1 1 2 2 -3 -5 1 -2 2 0 -3 -2 2 -2 1 -2
260	22982	245	20	10	680	1086	580	276	1 0 0 0 0 0 0 -1 0 0 1 0 -1 0 -1 -1 0
261	22954	248	20	10	672	1096	576	278	2 0 2 2 3 -2 -6 1 -2 1 0 -4 -2 2 -3 0 -3
262	22652	273	19	10	646	1088	648	240	1 -1 -2 -3 0 3 5 -3 1 -2 2 4 1 -3 1 0 1
263	22552	285	19	10	626	1108	640	248	0 2 1 2 2 -4 -7 1 -1 2 0 -4 -2 3 -3 0 -2
264	22446	280	19	10	630	1118	622	252	1 0 0 1 2 -3 -5 1 -1 0 0 -3 -1 2 -2 -1 -2
265	22442	274	19	10	634	1114	622	252	2 -1 2 2 4 -3 -6 1 -4 0 0 -4 -1 1 -3 0 -3
266	22438	284	19	10	632	1108	628	254	1 1 1 1 2 -2 -5 0 -2 0 0 -2 -1 1 -2 0 -1
267	22416	265	19	10	642	1102	624	254	1 -1 1 0 2 1 -1 -2 -2 -1 2 -1 0 -1 -1 1 0
268	22408	276	19	10	632	1108	626	256	0 2 2 3 3 -4 -9 2 -1 2 -1 -6 -2 5 -3 -1 -3
269	22394	266	19	10	670	1072	626	254	1 0 0 1 2 1 -1 -1 -1 0 1 -1 0 -1 -1 0 -1
270	22350	278	19	10	660	1090	616	256	0 1 0 1 1 -1 -3 0 1 1 0 -2 -1 1 -2 -1 -1
271	22350	282	19	10	648	1106	612	256	1 -1 1 1 2 -1 -3 0 -1 1 1 -2 -1 0 -3 0 -2
272	22348	262	19	10	644	1102	618	258	1 -1 0 -1 0 2 2 -1 1 0 2 1 -1 -2 -1 0 0
273	22346	271	19	10	646	1100	618	258	3 -1 1 0 3 -3 -4 1 -3 -1 -1 -3 1 1 -2 -2 -3
274	22334	269	19	10	646	1104	614	258	0 0 0 1 2 0 -2 0 -1 0 1 -2 -1 0 -1 0 -1
275	22290	263	19	10	660	1100	604	258	1 0 0 1 2 -1 -3 1 -1 0 0 -2 -1 0 -2 0 -2
276	22258	275	19	10	644	1102	612	264	0 2 1 2 4 -5 -9 2 -2 2 0 -6 -2 5 -3 -1 -3
277	22180	279	19	10	668	1096	594	264	2 -2 -1 -2 1 4 5 -3 -1 -3 2 3 2 -5 1 1 1
278	22074	272	19	10	672	1076	600	274	1 0 0 0 3 -3 -4 1 -1 0 0 -3 -1 2 -2 -1 -2
279	21436	286	18	10	670	1048	648	256	0 1 0 1 1 -1 -2 -1 0 1 1 -1 -1 1 -1 0 0
280	21430	264	18	10	682	1034	650	256	1 0 1 1 1 -1 -3 0 -1 2 1 -2 -2 1 -2 1 -1
281	21410	270	18	10	654	1088	626	254	1 1 0 0 2 -3 -4 1 0 1 -1 -2 0 3 -1 -2 -3
282	21364	283	18	10	646	1094	624	258	1 -1 0 1 2 0 -2 -1 -2 -1 2 -1 0 -1 -1 0 -1
283	21174	267	18	10	662	1086	606	268	1 0 1 2 3 -1 -5 0 -3 0 1 -3 -2 0 -3 1 -1
284	20682	281	18	10	728	1062	544	288	0 1 1 2 2 -2 -5 1 -1 1 0 -3 -2 1 -3 0 -2
285	20252	268	17	10	662	1080	616	264	1 0 0 1 1 -2 -3 2 0 1 -1 -2 -1 2 -2 -1 -3
286	20202	277	17	10	652	1090	612	268	1 0 2 2 2 -2 -5 2 -2 1 0 -3 -2 2 -3 0 -3
287	13244	288	10	10	916	724	714	268	1 -1 -1 -2 0 2 3 -2 0 -2 1 3 1 -2 0 0 0
288	10168	287	7	10	998	610	740	274	2 0 1 0 3 -2 -5 1 -2 0 0 -3 -1 1 -3 -1 -2
