marked_U	frame_class	PGL2_family	deep_equation_rank	equation_support_count	equation_coordinate_input_bits	exact_quotient_target_count	exact_quotient_curve_ids	rigid_transfer_status	rigid_transfer_rank_vector	norm8_off_diagonal_status	norm8_off_diagonal_tests	norm8_off_diagonal_hits	rigid_branch_graph_edges	fitted_norm8_branch_graph_edges	native_branch_character_status	inherited_branch_character_count	complete_smooth_norm10_character_count	full_smooth_marking_saturation_index	low_genus_base_rank_status	maximum_certified_base_Jacobian_rank_lower_bound	marked_minimum_class_status	marked_norm8_class_count	Tate_quotient_status	matched_exact_curve_parameter_count	marked_quotient_transport_count	matched_parameter_height_bits_range	selected_initial_transport_count
norm12-orbit-074d9	published-R17	norm12-orbit-074d9	1	7	2544	5	351,356,376,377,385	EXACT_COMPLETE_FIXED_NATIVE_INVENTORY_ON_LABELLED_TARGETS	351:6,356:2,376:5,377:5,385:2	EXACT_FOR_CURRENT_FITTED_NORM_EIGHT_CARRIERS_AND_TARGETS	96	0	46	24	UNKNOWN				EXACT_COMPLETE_RIGID_CROSS_FIBRE_ATLAS		EXACT_MARKED_NORM_EIGHT_AND_NORM_TEN_COUNTS_ONLY	63925	UNKNOWN	5	5	93-104	0
norm12-orbit-08234	published-R17	norm12-orbit-08234	2	7	2823	2	11,423	UNKNOWN		UNKNOWN			0	0	UNKNOWN				UNKNOWN		FRAME_REFERENCE_ONLY_MARKED_MINIMUM_TRANSPORT_UNKNOWN		UNKNOWN	2	2	105-106	2
norm12-orbit-1f002	published-R17	norm12-orbit-08234	3	8	3166	0		UNKNOWN		UNKNOWN			0	0	UNKNOWN				UNKNOWN		FRAME_REFERENCE_ONLY_MARKED_MINIMUM_TRANSPORT_UNKNOWN		UNKNOWN	2	0	105-106	0
norm12-orbit-08aaa	published-R17	norm12-orbit-074d9	4	8	3161	0		UNKNOWN		UNKNOWN			0	0	UNKNOWN				UNKNOWN		FRAME_REFERENCE_ONLY_MARKED_MINIMUM_TRANSPORT_UNKNOWN		UNKNOWN	5	0	100-114	0
norm12-orbit-0e80b	published-R17	norm12-orbit-0e80b	5	9	3183	0		UNKNOWN		UNKNOWN			0	0	UNKNOWN				UNKNOWN		FRAME_REFERENCE_ONLY_MARKED_MINIMUM_TRANSPORT_UNKNOWN		UNKNOWN	2	0	65-70	0
norm12-orbit-06617	published-R17	norm12-orbit-0e80b	6	8	2853	0		UNKNOWN		UNKNOWN			0	0	UNKNOWN				UNKNOWN		FRAME_REFERENCE_ONLY_MARKED_MINIMUM_TRANSPORT_UNKNOWN		UNKNOWN	2	0	86-88	0
norm12-orbit-1104c	published-R17	norm12-orbit-074d9	7	9	3142	0		UNKNOWN		UNKNOWN			0	0	UNKNOWN				UNKNOWN		FRAME_REFERENCE_ONLY_MARKED_MINIMUM_TRANSPORT_UNKNOWN		UNKNOWN	5	0	90-101	0
norm12-orbit-04b19	published-R17	norm12-orbit-0e80b	8	9	3462	0		UNKNOWN		UNKNOWN			0	0	UNKNOWN				UNKNOWN		FRAME_REFERENCE_ONLY_MARKED_MINIMUM_TRANSPORT_UNKNOWN		UNKNOWN	2	0	107-108	0
norm12-orbit-04ec4	published-R17	norm12-orbit-0e80b	9	12	4063	0		UNKNOWN		UNKNOWN			0	0	UNKNOWN				UNKNOWN		FRAME_REFERENCE_ONLY_MARKED_MINIMUM_TRANSPORT_UNKNOWN		UNKNOWN	2	0	96-99	0
norm12-orbit-10ba1	published-R17	norm12-orbit-0e80b	10	11	4085	0		UNKNOWN		UNKNOWN			0	0	UNKNOWN				UNKNOWN		FRAME_REFERENCE_ONLY_MARKED_MINIMUM_TRANSPORT_UNKNOWN		UNKNOWN	2	0	99-99	0
norm12-orbit-11952	alternate-Q80	norm12-orbit-11952	11	9	3482	2	12,395	EXACT_COMPLETE_FIXED_NATIVE_INVENTORY_ON_LABELLED_TARGETS	12:0,395:2	EXACT_FOR_CURRENT_FITTED_NORM_EIGHT_CARRIERS_AND_TARGETS	23	0	2	23	EXACT_COMPLETE_SMOOTH_LAYER	121	39147		EXACT_BOUNDED_1143_CLASS_LABORATORY	1	EXACT_MARKED_MINIMUM_CLASSES_AND_ZERO_CLASS_REDUCTION	63917	UNKNOWN	2	2	98-99	0
norm12-orbit-07ca9	published-R17	norm12-orbit-07ca9	12	10	3488	1	391	UNKNOWN		UNKNOWN			0	0	UNKNOWN				UNKNOWN		FRAME_REFERENCE_ONLY_MARKED_MINIMUM_TRANSPORT_UNKNOWN		UNKNOWN	1	1	108-108	0
norm12-orbit-08ab4	alternate-Q80	norm12-orbit-11952	13	11	3764	2	12,395	EXACT_COMPLETE_FIXED_NATIVE_INVENTORY_ON_LABELLED_TARGETS	12:0,395:2	UNKNOWN			2	0	EXACT_COMPLETE_SMOOTH_LAYER	131	39147		UNKNOWN		EXACT_MARKED_NORM_TEN_COUNT_ONLY		UNKNOWN	2	2	126-126	0
norm12-orbit-04749	published-R17	norm12-orbit-08234	14	11	4083	0		UNKNOWN		UNKNOWN			0	0	UNKNOWN				UNKNOWN		FRAME_REFERENCE_ONLY_MARKED_MINIMUM_TRANSPORT_UNKNOWN		UNKNOWN	2	0	138-146	0
norm12-orbit-08f72	alternate-Q80	norm12-orbit-08f72	15	10	3468	3	363,364,378	EXACT_COMPLETE_FIXED_NATIVE_INVENTORY_ON_LABELLED_TARGETS	363:2,364:1,378:6	EXACT_FOR_CURRENT_FITTED_NORM_EIGHT_CARRIERS_AND_TARGETS	56	0	18	28	EXACT_COMPLETE_SMOOTH_LAYER	86	39147		UNKNOWN		EXACT_MARKED_NORM_EIGHT_AND_NORM_TEN_COUNTS_ONLY	63917	UNKNOWN	3	3	122-125	0
norm12-orbit-0681f	published-R17	norm12-orbit-0e80b	16	11	3754	0		UNKNOWN		UNKNOWN			0	0	UNKNOWN				UNKNOWN		FRAME_REFERENCE_ONLY_MARKED_MINIMUM_TRANSPORT_UNKNOWN		UNKNOWN	2	0	118-119	0
norm12-orbit-0b4c1	published-R17	norm12-orbit-074d9	17	13	4704	0		UNKNOWN		UNKNOWN			0	0	UNKNOWN				UNKNOWN		FRAME_REFERENCE_ONLY_MARKED_MINIMUM_TRANSPORT_UNKNOWN		UNKNOWN	5	0	81-96	0
norm12-orbit-091e4	alternate-Q80	norm12-orbit-11952	18	10	4070	2	12,395	EXACT_COMPLETE_FIXED_NATIVE_INVENTORY_ON_LABELLED_TARGETS	12:0,395:2	UNKNOWN			2	0	EXACT_COMPLETE_SMOOTH_LAYER	155	39147		UNKNOWN		EXACT_MARKED_NORM_TEN_COUNT_ONLY		UNKNOWN	2	2	119-121	0
norm12-orbit-1f222	published-R17	norm12-orbit-0e80b	19	13	4392	0		UNKNOWN		UNKNOWN			0	0	UNKNOWN				UNKNOWN		FRAME_REFERENCE_ONLY_MARKED_MINIMUM_TRANSPORT_UNKNOWN		UNKNOWN	2	0	89-93	0
norm12-orbit-05592	published-R17	norm12-orbit-07ca9	20	12	4369	0		UNKNOWN		UNKNOWN			0	0	UNKNOWN				UNKNOWN		FRAME_REFERENCE_ONLY_MARKED_MINIMUM_TRANSPORT_UNKNOWN		UNKNOWN	1	0	134-134	0
norm12-orbit-05de2	published-R17	norm12-orbit-074d9	21	13	4690	0		UNKNOWN		UNKNOWN			0	0	UNKNOWN				UNKNOWN		FRAME_REFERENCE_ONLY_MARKED_MINIMUM_TRANSPORT_UNKNOWN		UNKNOWN	5	0	87-102	0
norm12-orbit-10f74	published-R17	norm12-orbit-074d9	22	12	4086	0		UNKNOWN		UNKNOWN			0	0	UNKNOWN				UNKNOWN		FRAME_REFERENCE_ONLY_MARKED_MINIMUM_TRANSPORT_UNKNOWN		UNKNOWN	5	0	98-116	0
norm12-orbit-00678	published-R17	norm12-orbit-08234	23	13	4401	0		UNKNOWN		UNKNOWN			0	0	UNKNOWN				UNKNOWN		FRAME_REFERENCE_ONLY_MARKED_MINIMUM_TRANSPORT_UNKNOWN		UNKNOWN	2	0	110-111	0
norm12-orbit-10e1c	published-R17	norm12-orbit-074d9	24	15	4992	0		UNKNOWN		UNKNOWN			0	0	UNKNOWN				UNKNOWN		FRAME_REFERENCE_ONLY_MARKED_MINIMUM_TRANSPORT_UNKNOWN		UNKNOWN	5	0	84-98	0
norm12-orbit-0a2f9	published-R17	norm12-orbit-074d9	25	12	4063	0		UNKNOWN		UNKNOWN			0	0	UNKNOWN				UNKNOWN		FRAME_REFERENCE_ONLY_MARKED_MINIMUM_TRANSPORT_UNKNOWN		UNKNOWN	5	0	95-105	0
norm12-orbit-0bf17	published-R17	norm12-orbit-0e80b	26	13	4361	0		UNKNOWN		UNKNOWN			0	0	UNKNOWN				UNKNOWN		FRAME_REFERENCE_ONLY_MARKED_MINIMUM_TRANSPORT_UNKNOWN		UNKNOWN	2	0	86-90	0
norm12-orbit-183a6	published-R17	norm12-orbit-0e80b	27	11	3758	0		UNKNOWN		UNKNOWN			0	0	UNKNOWN				UNKNOWN		FRAME_REFERENCE_ONLY_MARKED_MINIMUM_TRANSPORT_UNKNOWN		UNKNOWN	2	0	125-125	0
norm12-orbit-135b7	alternate-Q80	norm12-orbit-08f72	28	11	3776	3	363,364,378	EXACT_COMPLETE_FIXED_NATIVE_INVENTORY_ON_LABELLED_TARGETS	363:2,364:1,378:6	UNKNOWN			18	0	EXACT_COMPLETE_SMOOTH_LAYER	127	39147	2	UNKNOWN		EXACT_MARKED_NORM_TEN_COUNT_ONLY		UNKNOWN	3	3	113-116	0
norm12-orbit-090d4	published-R17	norm12-orbit-0e80b	29	13	4404	0		UNKNOWN		UNKNOWN			0	0	UNKNOWN				UNKNOWN		FRAME_REFERENCE_ONLY_MARKED_MINIMUM_TRANSPORT_UNKNOWN		UNKNOWN	2	0	102-102	0
norm12-orbit-103b2	published-R17	norm12-orbit-0e80b	30	14	4687	2	393,404	EXACT_COMPLETE_FIXED_NATIVE_INVENTORY_ON_LABELLED_TARGETS	393:2,404:1	UNKNOWN			4	0	EXACT_COMPLETE_SMOOTH_LAYER		39120		EXACT_COMPLETE_NATIVE_RIGID_ATLAS	9	EXACT_MARKED_MINIMUM_CLASSES	63925	UNKNOWN	2	2	64-70	0
norm12-orbit-1aa9d	published-R17	norm12-orbit-0e80b	31	15	4975	0		UNKNOWN		UNKNOWN			0	0	UNKNOWN				UNKNOWN		FRAME_REFERENCE_ONLY_MARKED_MINIMUM_TRANSPORT_UNKNOWN		UNKNOWN	2	0	94-100	0
norm12-orbit-04724	published-R17	norm12-orbit-08234	32	15	4992	0		UNKNOWN		UNKNOWN			0	0	UNKNOWN				UNKNOWN		FRAME_REFERENCE_ONLY_MARKED_MINIMUM_TRANSPORT_UNKNOWN		UNKNOWN	2	0	110-111	0
norm12-orbit-0666f	published-R17	norm12-orbit-0e80b	33	13	4395	0		UNKNOWN		UNKNOWN			0	0	UNKNOWN				UNKNOWN		FRAME_REFERENCE_ONLY_MARKED_MINIMUM_TRANSPORT_UNKNOWN		UNKNOWN	2	0	130-132	0
norm12-orbit-10f72	alternate-Q80	norm12-orbit-11952	34	13	4361	2	12,395	EXACT_COMPLETE_FIXED_NATIVE_INVENTORY_ON_LABELLED_TARGETS	12:0,395:2	UNKNOWN			2	0	EXACT_COMPLETE_SMOOTH_LAYER	118	39147	2	UNKNOWN		EXACT_MARKED_NORM_TEN_COUNT_ONLY		UNKNOWN	2	2	77-88	0
norm12-orbit-0f983	published-R17	norm12-orbit-0e80b	35	15	4999	0		UNKNOWN		UNKNOWN			0	0	UNKNOWN				UNKNOWN		FRAME_REFERENCE_ONLY_MARKED_MINIMUM_TRANSPORT_UNKNOWN		UNKNOWN	2	0	110-118	0
norm12-orbit-1183a	alternate-Q80	norm12-orbit-11952	36	14	4692	2	12,395	EXACT_COMPLETE_FIXED_NATIVE_INVENTORY_ON_LABELLED_TARGETS	12:0,395:2	UNKNOWN			2	0	EXACT_COMPLETE_SMOOTH_LAYER	120	39147		UNKNOWN		EXACT_MARKED_NORM_TEN_COUNT_ONLY		UNKNOWN	2	2	113-114	0
norm12-orbit-0f09b	published-R17	norm12-orbit-0e80b	37	13	4371	0		UNKNOWN		UNKNOWN			0	0	UNKNOWN				UNKNOWN		FRAME_REFERENCE_ONLY_MARKED_MINIMUM_TRANSPORT_UNKNOWN		UNKNOWN	2	0	119-119	0
norm12-orbit-09952	alternate-Q80	norm12-orbit-08f72	38	15	4986	3	363,364,378	EXACT_COMPLETE_FIXED_NATIVE_INVENTORY_ON_LABELLED_TARGETS	363:2,364:1,378:6	UNKNOWN			18	0	EXACT_COMPLETE_SMOOTH_LAYER	125	39147	2	UNKNOWN		EXACT_MARKED_NORM_TEN_COUNT_ONLY		UNKNOWN	3	3	121-125	0
norm12-orbit-098fc	alternate-Q80	norm12-orbit-11952	39	14	4667	2	12,395	EXACT_COMPLETE_FIXED_NATIVE_INVENTORY_ON_LABELLED_TARGETS	12:0,395:2	UNKNOWN			2	0	EXACT_COMPLETE_SMOOTH_LAYER	95	39147		UNKNOWN		EXACT_MARKED_NORM_TEN_COUNT_ONLY		UNKNOWN	2	2	84-92	0
norm12-orbit-0698f	published-R17	norm12-orbit-0e80b	40	16	5307	0		UNKNOWN		UNKNOWN			0	0	UNKNOWN				UNKNOWN		FRAME_REFERENCE_ONLY_MARKED_MINIMUM_TRANSPORT_UNKNOWN		UNKNOWN	2	0	125-133	0
norm12-orbit-0ae21	alternate-Q80	norm12-orbit-08f72	41	15	4986	3	363,364,378	EXACT_COMPLETE_FIXED_NATIVE_INVENTORY_ON_LABELLED_TARGETS	363:2,364:1,378:6	UNKNOWN			18	0	EXACT_COMPLETE_SMOOTH_LAYER	120	39147	2	UNKNOWN		EXACT_MARKED_NORM_TEN_COUNT_ONLY		UNKNOWN	3	3	100-107	0
norm12-orbit-06867	published-R17	norm12-orbit-0e80b	42	15	4986	0		UNKNOWN		UNKNOWN			0	0	UNKNOWN				UNKNOWN		FRAME_REFERENCE_ONLY_MARKED_MINIMUM_TRANSPORT_UNKNOWN		UNKNOWN	2	0	125-126	0
norm12-orbit-13654	published-R17	norm12-orbit-0e80b	43	15	4995	0		UNKNOWN		UNKNOWN			0	0	UNKNOWN				UNKNOWN		FRAME_REFERENCE_ONLY_MARKED_MINIMUM_TRANSPORT_UNKNOWN		UNKNOWN	2	0	78-83	0
